anime_id,name,genre,rating,members
32281,Kimi no Na wa,drama romance school supernatural,9.37,200630
9253,SteinsGate,scifi thriller,9.17,673572
11061,Hunter x Hunter 2011,action adventure shounen super power,9.13,425855
15335,Gintama Movie Kanketsuhen  Yorozuya yo Eien Nare,action comedy historical parody samurai scifi shounen,9.1,72534
1,Cowboy Bebop,action adventure comedy drama scifi space,8.82,486824
164,Mononoke Hime,action adventure fantasy,8.81,339556
7311,Suzumiya Haruhi no Shoushitsu,comedy mystery romance school scifi supernatural,8.81,240297
2001,Tengen Toppa Gurren Lagann,action adventure comedy mecha scifi,8.78,562962
5258,Hajime no Ippo New Challenger,comedy drama shounen sports,8.75,88995
28957,Mushishi Zoku Shou Suzu no Shizuku,adventure fantasy historical mystery seinen slice of life supernatural,8.75,32266
11741,FateZero 2nd Season,action fantasy supernatural thriller,8.73,340973
12365,Bakuman 3rd Season,comedy drama romance shounen,8.71,133620
5028,Major S5,comedy drama romance sports,8.58,28653
5205,Kara no Kyoukai 7 Satsujin Kousatsu Kou,action mystery romance supernatural thriller,8.57,95658
17389,Kingdom 2nd Season,action historical military seinen,8.57,31234
877,Nana,comedy drama music romance shoujo slice of life,8.55,197256
16498,Shingeki no Kyojin,action drama fantasy shounen super power,8.54,896229
10030,Bakuman 2nd Season,comedy drama romance shounen,8.53,151561
30346,Doukyuusei Movie,romance school shounen ai slice of life,8.53,28864
13125,Shinsekai yori,drama horror mystery scifi supernatural,8.53,288376
14719,JoJo no Kimyou na Bouken TV,action adventure shounen supernatural vampire,8.51,190197
30230,Diamond no Ace Second Season,comedy school shounen sports,8.5,38531
11981,Mahou Shoujo MadokaMagica Movie 3 Hangyaku no Monogatari,drama magic psychological thriller,8.5,135735
11917,Major World Series,comedy drama sports,8.5,13405
25781,Shingeki no Kyojin Kuinaki Sentaku,action fantasy shoujo supernatural,8.45,92543
4224,Toradora,comedy romance school slice of life,8.45,633817
22297,Fatestay night Unlimited Blade Works,action fantasy magic shounen supernatural,8.42,267484
4155,One Piece Film Strong World,action adventure comedy drama fantasy shounen,8.42,85020
558,Major S2,comedy drama shounen sports,8.41,30689
33,Berserk,action adventure demons drama fantasy horror military romance seinen supernatural,8.4,226430
329,Planetes,drama romance scifi seinen space,8.38,105044
19363,Gin no Saji 2nd Season,comedy school shounen slice of life,8.36,67032
21557,Omoide no Marnie,drama mystery psychological,8.35,53590
9617,KOn Movie,comedy music slice of life,8.34,115252
3091,xxxHOLiC Kei,comedy drama mystery psychological supernatural,8.34,74941
6,Trigun,action comedy scifi,8.32,283069
9735,Gintama Shinyaku Benizakurahen,action comedy historical parody samurai scifi shounen,8.31,14002
2167,Clannad,comedy drama romance school slice of life supernatural,8.3,566690
25681,Kamisama Hajimemashita,comedy demons fantasy romance shoujo supernatural,8.28,91796
24277,Yowamushi Pedal Grande Road,comedy drama shounen sports,8.28,50778
3167,Eve no Jikan,scifi slice of life,8.26,99074
31988,Hibike Euphonium 2,drama music school,8.25,47716
16662,Kaze Tachinu,drama historical romance,8.24,75359
25013,Akatsuki no Yona,action adventure comedy fantasy romance shoujo,8.23,216674
4938,Tsubasa Shunraiki,action adventure drama fantasy magic mystery romance shounen supernatural,8.23,40420
1506,Detective Conan Movie 10 Requiem of the Detectives,adventure comedy mystery police shounen,8.21,21789
27663,Baby Steps 2nd Season,romance school shounen sports,8.2,36251
3371,Ginga Eiyuu Densetsu Gaiden Senoku no Hoshi Senoku no Hikari,action military scifi space,8.2,8621
232,Cardcaptor Sakura,adventure comedy drama fantasy magic romance school shoujo,8.18,181249
4789,ef A Tale of Melodies,drama mystery romance supernatural,8.18,103657
934,Higurashi no Naku Koro ni,horror mystery psychological supernatural thriller,8.17,359494
153,Juuni Kokuki,action adventure fantasy magic supernatural,8.16,66646
1065,Touch,drama romance school shounen slice of life sports,8.16,12833
1943,Paprika,fantasy horror mystery psychological scifi thriller,8.15,163308
17265,Log Horizon,action adventure fantasy game magic shounen,8.14,387100
14713,Kamisama Hajimemashita,comedy demons fantasy romance shoujo supernatural,8.13,189641
9204,Omae Umasou da na,action adventure fantasy kids,8.13,6645
2924,ef A Tale of Memories,drama mystery romance,8.12,151106
13767,Junjou Romantica OVA,comedy drama romance shounen ai,8.09,23192
6774,Kuuchuu Buranko,comedy drama psychological seinen,8.09,41521
2752,Prince of Tennis The National Tournament Semifinals,action comedy sports,8.09,21186
15,Eyeshield 21,action comedy shounen sports,8.08,83648
16916,Kuroko no Basket Tip Off,comedy school shounen sports,8.07,41760
33032,Drifters Special Edition,action adventure comedy fantasy historical samurai seinen,8.06,9807
24,School Rumble,comedy romance school shounen,8.06,178553
268,Golden Boy,adventure comedy ecchi,8.05,113040
13331,Jormungand Perfect Order,action adventure seinen,8.04,81951
30279,Yuru Yuri SanHai,comedy school shoujo ai slice of life,8.04,44335
27989,Hibike Euphonium,drama music school,8.03,134694
4163,Seto no Hanayome OVA,comedy parody romance school,8.03,31973
13119,Hakuouki Movie 2 Shikon Soukyuu,action drama historical josei samurai supernatural,8.03,9492
8310,Magic Kaito,adventure comedy romance shounen,8.02,27274
11813,Shijou Saikyou no Deshi Kenichi OVA,action comedy martial arts school shounen,8.02,24167
29787,Gochuumon wa Usagi Desu ka,comedy slice of life,8.01,38102
1695,Les Misrables Shoujo Cosette,drama historical shoujo slice of life,7.99,9605
8516,Baka to Test to Shoukanjuu Ni,comedy romance school super power,7.98,183722
15195,Hetalia The Beautiful World,comedy historical parody,7.98,34960
597,Neko no Ongaeshi,adventure drama fantasy,7.98,92499
27947,Lupin III 2015,action adventure comedy shounen,7.97,16938
3750,Mariasama ga Miteru 4th,school shoujo shoujo ai slice of life,7.97,11779
569,Musekinin Kanchou Tylor,comedy military parody scifi space,7.97,19841
949,Top wo Nerae Gunbuster,action comedy drama mecha military scifi shounen space,7.97,51724
12413,Jormungand,action adventure seinen,7.96,137610
8609,Detective Conan OVA 10 Kid in Trap Island,adventure comedy mystery police shounen,7.95,7757
21339,PsychoPass Movie,action military police scifi,7.95,94677
24893,Sidonia no Kishi Daikyuu Wakusei Seneki,action mecha scifi seinen space,7.95,57665
543,Vampire Hunter D 2000,action drama fantasy horror romance scifi vampire,7.95,68229
1505,Detective Conan Movie 09 Strategy Above the Depths,adventure comedy mystery police shounen,7.94,20347
4447,Detective Conan Movie 12 Full Score of Fear,adventure comedy mystery police shounen,7.94,19290
22265,Free Eternal Summer,comedy school slice of life sports,7.94,150596
30123,Akagami no Shirayukihime,drama fantasy romance shoujo,7.93,157551
29755,Haikyuu Movie 1 Owari to Hajimari,comedy drama school shounen sports,7.94,13094
93,Mobile Suit Gundam Seed,action drama mecha military romance scifi space,7.93,96973
322,Paradise Kiss,comedy drama josei romance slice of life,7.93,86380
10083,Shiki Specials,horror mystery supernatural vampire,7.93,37657
4192,Hayate no Gotoku,action comedy harem parody romance,7.92,67323
10218,Berserk Ougon Jidaihen I  Haou no Tamago,action adventure demons fantasy military seinen supernatural,7.91,77103
3604,Hidamari Sketch x 365,comedy school slice of life,7.9,19180
4886,InuYasha Kuroi Tessaiga,adventure comedy demons fantasy magic romance shounen supernatural,7.89,16373
20767,Noragami OVA,action adventure shounen,7.89,104775
29830,Tamayura Sotsugyou Shashin Part 3  Akogare,comedy drama slice of life,7.88,3089
5680,KOn,comedy music school slice of life,7.87,386048
2594,Piano no Mori,adventure comedy drama music school seinen,7.87,24278
1007,Ranma  OVA,comedy martial arts romance shounen,7.87,16804
19775,Sidonia no Kishi,action mecha scifi seinen space,7.87,118341
1000,Uchuu Kaizoku Captain Harlock,action adventure drama scifi seinen space,7.87,14869
1375,Watashi no Ashinaga Ojisan,comedy historical romance school shoujo slice of life,7.87,5600
951,Chibi Marukochan,comedy shoujo slice of life,7.86,4739
9074,Arakawa Under the Bridge x Bridge,comedy romance seinen,7.85,80394
6050,Mahou Sensei Negima Mou Hitotsu no Sekai,action adventure ecchi magic shounen supernatural,7.85,12413
20431,Hoozuki no Reitetsu,comedy fantasy supernatural,7.84,47619
12883,Tsuritama,comedy scifi slice of life sports,7.84,90625
6347,Baka to Test to Shoukanjuu,comedy romance school super power,7.83,301282
14407,Persona 3 the Movie 1 Spring of Birth,action fantasy seinen supernatural,7.83,45568
9441,Yumeiro Ptissire SP Professional,shoujo slice of life,7.82,20397
71,Full Metal Panic,action comedy mecha military scifi,7.81,256325
33263,Kubikiri Cycle Aoiro Savant to Zaregototsukai,action drama mystery supernatural,7.82,19317
28069,Shigatsu wa Kimi no Uso Moments,music shounen,7.81,41368
4725,GaRei Zero,action super power supernatural thriller,7.78,145102
255,Jungle wa Itsumo Hare nochi Guu Final,comedy slice of life,7.78,7576
32729,Orange,drama romance school scifi shoujo,7.78,165358
9065,Hakuouki Hekketsuroku,action drama historical josei samurai supernatural,7.76,49771
2985,Majin Tantei Nougami Neuro,comedy demons mystery shounen supernatural,7.76,42730
1483,Master Keaton,adventure mystery,7.76,9610
5507,Senjou no Valkyria,action military romance,7.76,77591
19669,Kuroko no Basket Baka ja Katenai no yo,comedy school shounen sports,7.75,26785
10278,The iDOLMSTER,comedy drama music,7.75,81155
2557,Trapp Ikka Monogatari,drama historical music romance,7.75,2839
24405,World Trigger,action school scifi shounen supernatural,7.75,106872
740,Bishoujo Senshi Sailor Moon R,demons magic romance shoujo,7.74,73305
16528,Hal,romance scifi shoujo,7.74,50812
1840,Zero no Tsukaima Futatsuki no Kishi,action adventure comedy ecchi fantasy harem magic romance school,7.73,235684
33513,Ansatsu Kyoushitsu 365nichi no Jikan,action comedy school shounen,7.72,14896
10999,Inazuma Eleven Go Kyuukyoku no Kizuna Gryphon,scifi shounen sports,7.71,4535
6116,Mainichi Kaasan,comedy slice of life,7.71,1707
31821,Arslan Senki TV Fuujin Ranbu,action adventure drama fantasy historical shounen supernatural,7.7,53577
14967,Boku wa Tomodachi ga Sukunai Next,comedy harem romance school seinen slice of life,7.7,214319
6152,Final Fantasy VII Advent Children  Venice Film Festival Footage,action drama fantasy scifi,7.7,6498
1087,Kimagure OrangeRoad,comedy drama romance school shounen slice of life super power,7.7,16012
10495,Yuru Yuri,comedy school shoujo ai slice of life,7.7,148140
587,Hanbun no Tsuki ga Noboru Sora,comedy drama romance,7.69,65125
1579,Kiniro no Corda Primo Passo,comedy drama harem magic music romance school shoujo,7.69,63134
3001,Moyashimon,comedy school supernatural,7.69,44465
8190,Nodame Cantabile OVA 2,comedy josei romance,7.69,17226
23277,Saenai Heroine no Sodatekata,comedy ecchi harem romance school,7.69,155795
4188,Mahou Sensei Negima Shiroki Tsubasa Ala Alba,adventure comedy ecchi harem magic romance shounen supernatural vampire,7.68,15616
21075,Hetalia The Beautiful World Extra Disc,comedy historical parody,7.67,4788
5306,Tales of Symphonia The Animation Tethe039allahen,action adventure fantasy magic martial arts shounen,7.67,20355
25687,Digimon Adventure tri 1 Saikai,action adventure comedy drama,7.66,58274
31552,Durararax2 Ten Onoroke Chakapoko,action mystery supernatural,7.66,16171
1861,Slam Dunk Zenkoku Seiha Da Sakuragi Hanamichi,comedy drama school shounen slice of life sports,7.66,7992
1488,Area 88,action adventure drama military romance,7.65,6645
9839,Detective Conan Black History 2,adventure comedy mystery police shounen,7.65,2718
2673,Doraemon Movie 27 Nobita no Shin Makai Daibouken  7nin no Mahoutsukai,adventure comedy fantasy,7.65,1583
13245,New Prince of Tennis Specials,action comedy shounen sports,7.65,5524
16241,Yondemasu yo Azazelsan Z,comedy demons supernatural,7.65,20640
1239,Bishoujo Senshi Sailor Moon SuperS,drama magic romance shoujo,7.64,55056
17187,Ghost in the Shell Arise  Border1 Ghost Pain,mecha police psychological scifi,7.64,31747
10714,Towa no Quon 3 Mugen no Renza,action super power supernatural,7.64,19053
6408,quotBungaku Shoujoquot Movie,drama mystery romance school,7.63,40984
1240,Bishoujo Senshi Sailor Moon SuperS Sailor 9 Senshi Shuuketsu Black Dream Hole no Kiseki,drama magic shoujo,7.62,24968
4060,Grimm Masterpiece Theater,adventure comedy fantasy kids magic,7.62,1938
449,InuYasha Guren no Houraijima,adventure comedy demons drama historical romance shounen supernatural,7.62,50008
1289,Mobile Police Patlabor The New Files,comedy mecha police scifi,7.61,3952
10257,Pretty Rhythm Aurora Dream,music shoujo slice of life sports,7.6,9431
10765,Hikaru no Go Special,comedy game shounen supernatural,7.59,4253
593,Mugen no Ryvius,drama mecha military psychological scifi space,7.59,22714
708,Patapata Hikousen no Bouken,adventure scifi,7.59,2629
1686,Bleach Movie 1 Memories of Nobody,action adventure super power,7.58,151598
9834,Level E,comedy scifi shounen,7.58,55252
5854,Shin Chou Kyou Ryo Condor Hero III,action adventure drama historical romance,7.58,1377
4186,Chrome Shelled Regios,action adventure fantasy school scifi,7.57,103615
15613,Hakkenden Touhou Hakken Ibun,action fantasy shoujo supernatural,7.57,61017
379,Heppoko Jikken Animation ExcelSaga,comedy parody scifi shounen,7.57,68198
5671,Saki,game school slice of life,7.57,55970
1368,Detective Conan OVA 06 Follow the Vanished Diamond Conan amp Heiji vs Kid,comedy mystery police shounen,7.56,8436
5710,Keroro Gunsou Movie 4 Gekishin Dragon Warriors de Arimasu,comedy,7.56,2048
131,Saiyuuki Reload Gunlock,action adventure comedy fantasy shoujo,7.56,11233
2203,Waga Seishun no Arcadia Mugen Kidou SSX,action adventure drama scifi space,7.56,2587
26349,Danna ga Nani wo Itteiru ka Wakaranai Ken,comedy seinen slice of life,7.55,122271
6783,ef A Tale of Memories  Recollections,drama mystery romance,7.55,9125
9366,Kaichou wa Maidsama Omake dayo,comedy school shoujo,7.55,52752
1021,Kaikan Phrase,drama music romance shoujo,7.55,8142
1069,Chou Denji Machine Voltes V,action adventure drama mecha scifi shounen,7.54,3201
906,Dragon Ball Z Movie 13 Ryuuken Bakuhatsu Goku ga Yaraneba Dare ga Yaru,adventure comedy fantasy scifi shounen,7.54,50607
1391,Future GPX Cyber Formula,adventure scifi shounen sports,7.54,2707
1203,Nitaboh,historical music,7.53,4413
68,Black Cat,adventure comedy scifi shounen super power,7.52,150512
3674,Sayonara Zetsubou Sensei Jo Zetsubou Shoujo Senshuu,comedy parody school,7.52,12097
1006,Tenchi Muyou in Love,action comedy romance school scifi shounen space,7.52,14318
3972,YuGiOh 5D039s,action game shounen,7.52,47119
10703,Detective Conan OVA 11 A Secret Order from London,adventure comedy mystery police shounen,7.51,5985
2903,Sakigake Otokojuku,action comedy martial arts school shounen,7.51,4740
1589,Bartender,drama seinen slice of life,7.5,44394
31158,Hetalia The World Twinkle Specials,comedy historical parody,7.5,2505
2204,Karakuri Zoushi Ayatsuri Sakon,horror mystery thriller,7.5,6197
31227,Kindaichi Shounen no Jikenbo Returns 2nd Season,mystery shounen,7.5,3676
27787,Nisekoi,comedy harem romance school shounen,7.5,180686
32051,One Piece Adventure of Nebulandia,action adventure comedy fantasy shounen super power,7.5,9777
16592,Danganronpa Kibou no Gakuen to Zetsubou no Koukousei The Animation,action horror mystery psychological,7.49,298550
17535,Fairy Tail Movie 1 Houou no Miko  Hajimari no Asa,fantasy magic shounen,7.49,34230
15751,Senyuu,action comedy fantasy parody shounen,7.49,56815
20853,Hitsugi no Chaika,action adventure comedy fantasy romance shounen,7.47,164510
3352,Tengen Toppa Gurren Lagann Mitee Mono wa Miteen da,action adventure comedy mecha scifi,7.47,24618
2676,Doraemon Movie 15 Nobita to Mugen Sankenshi,adventure fantasy kids scifi shounen,7.46,1204
551,Grappler Baki Saidai Tournamenthen,action martial arts shounen sports,7.46,13584
8074,Highschool of the Dead,action ecchi horror supernatural,7.46,535892
1288,Mobile Police Patlabor,comedy mecha police scifi,7.46,8516
10862,Prince of Tennis Pairpuri,comedy drama shounen sports,7.46,3315
20709,Sabagebu,action comedy military shoujo,7.46,67306
1373,Black Jack Specials Inochi wo Meguru Yottsu no Kiseki,drama,7.45,3174
30300,High School DxD New Oppai Tsutsumimasu,comedy demons ecchi romance school,7.45,41436
168,sCRYed,action adventure drama scifi super power,7.45,52784
5034,Shikabane Hime Kuro,action horror,7.45,46709
2555,Shoukoushi Cedie,drama shoujo slice of life,7.45,1501
27957,SteinsGate Soumei Eichi no Cognitive Computing,comedy,7.45,34426
8756,Bishoujo Senshi Sailor Moon Memorial,demons magic romance shoujo,7.44,7981
3655,Nabari no Ou,action comedy drama fantasy shounen supernatural,7.44,107384
13333,Tari Tari,music school slice of life,7.44,80960
6930,Doraemon Movie 29 Shin Nobita no Uchuu Kaitakushi,adventure comedy fantasy kids,7.43,1034
1441,Ginga Tetsudou no Yoru,drama fantasy historical kids mystery,7.43,7755
15699,Haiyore Nyarukosan W,comedy parody scifi,7.43,84442
1722,Nagasarete Airantou,comedy ecchi fantasy harem romance,7.43,52817
527,Pokemon,action adventure comedy fantasy kids,7.43,229157
6381,Strike Witches 2,action ecchi magic military scifi,7.43,51114
11793,Tamayura Hitotose  Attakai Kaze no Omoide Nanode,comedy drama slice of life,7.44,5533
10444,Digimon Xros Wars Aku no Death General to Nanatsu no Oukoku,action adventure comedy fantasy shounen,7.42,12505
2677,Doraemon Movie 11 Nobita to Animal Planet,adventure comedy fantasy kids scifi shounen,7.42,1581
21681,Hanayamata,comedy school seinen slice of life,7.42,55536
10804,Ikoku Meiro no Croise Special,historical seinen slice of life,7.42,5950
10536,Kimi ni Todoke 2nd Season Specials,comedy romance shoujo,7.42,23498
2294,Mobile Suit Gundam Seed Destiny Special Edition,action drama mecha military romance scifi space,7.42,7799
2683,Tokyo Majin Gakuen Kenpucho Tou Dai Ni Maku,action drama fantasy horror martial arts mystery school,7.42,21972
6288,Mobile Suit Gundam 00 The Movie A Wakening of the Trailblazer,action mecha scifi space,7.41,37069
28683,One Piece Episode of Alabasta  Prologue,action adventure fantasy shounen,7.41,4225
326,Petshop of Horrors,horror josei mystery supernatural,7.41,32696
2744,Potemayo,comedy school seinen,7.41,11411
32174,The iDOLMSTER Cinderella Girls Anytime Anywhere with Cinderella,comedy drama music,7.41,2602
5356,Canaan,action seinen,7.4,123217
2398,Digimon Adventure 02 Diablomon no Gyakushuu,adventure comedy drama kids scifi,7.4,31961
4483,Mahoutsukai ni Taisetsu na Koto Natsu no Sora,drama magic shounen slice of life,7.4,14911
6380,Tetsuwan Birdy Decode The Cipher,action comedy scifi,7.4,12944
13271,Hunter x Hunter Movie Phantom Rouge,action adventure shounen super power,7.39,44589
28623,Koutetsujou no Kabaneri,action drama fantasy horror,7.39,253027
536,Slayers The Motion Picture,adventure comedy fantasy magic shounen,7.39,16046
807,Tsubasa Chronicle Tori Kago no Kuni no Himegimi,action adventure drama fantasy shounen,7.39,33633
24727,Baka to Test to Shoukanjuu Ni Mahou Hideyoshi Hideyoshi,comedy magic,7.38,9418
9013,Kuruneko Season 2,comedy slice of life,7.38,675
10825,Ranma  Battle ga Ippai 29nin no Korinai Yatsura,comedy martial arts slice of life,7.38,2242
3009,Tiger Mask,action drama shounen sports,7.38,4031
2670,Doraemon Movie 12 Nobita no Dorabian Nights,adventure comedy fantasy kids shounen,7.37,1833
9332,hackQuantum,action adventure fantasy game scifi,7.36,26163
17917,Danball Senki Wars,action kids mecha,7.36,1880
14765,Ixion Saga DT,action comedy fantasy,7.36,52569
16035,Karneval TV,action fantasy mystery scifi shoujo,7.36,108174
31780,Kimi no Kokoro wa Kagayaiteru kai,music,7.35,2762
1013,Le Chevalier D039Eon,historical magic mystery seinen supernatural,7.36,33035
31918,Owari no Seraph Nagoya Kessenhen  Owaranai Seraph  Nagoya Kessenhen,comedy parody shounen,7.36,11400
7745,Zettai Karen Children OVA Aitazousei Ubawareta Mirai,action comedy shounen supernatural,7.36,4277
17901,All Alone With You,fantasy music,7.35,7612
3230,Druaga no Tou The Aegis of Uruk,adventure comedy fantasy,7.35,69683
2484,Gear Fighter Dendoh,action adventure mecha school scifi space,7.35,1548
1967,Mobile Suit Zeta Gundam A New Translation  Heir to the Stars,drama mecha military scifi space,7.35,6326
3467,Nogizaka Haruka no Himitsu,comedy romance,7.35,80820
1524,Fuujin Monogatari,drama fantasy school slice of life supernatural,7.34,8717
31754,Aoharu x Kikanjuu Kemonotachi no Senjou da na,action comedy shounen,7.33,13993
24469,Buddy Complex Kanketsuhen  Ano Sora ni Kaeru Mirai de,action mecha scifi,7.33,14158
2667,Doraemon Movie 04 Nobita no Kaitei Kiganjou,fantasy,7.33,1168
2666,Doraemon Movie 10 Nobita no Nippon Tanjou,adventure comedy fantasy kids shounen,7.33,1176
469,Karin,comedy romance school shounen vampire,7.33,106142
180,Vandread,action ecchi mecha scifi shounen space,7.33,53360
31737,Gakusen Toshi Asterisk 2nd Season,comedy ecchi fantasy harem romance school scifi supernatural,7.32,101287
12637,Mo Gyutto Love de Sekkinchuu,music,7.32,6713
1124,Seikai no Danshou Tanjou,military romance scifi space,7.32,5324
27825,Dragon Nest Warriors039 Dawn,action adventure fantasy magic,7.31,1928
2987,Ginga Hyouryuu Vifam,action adventure mecha scifi,7.31,1329
333,Mama wa Shougaku 4 Nensei,comedy drama scifi,7.31,1711
3437,Mister Ajikko,comedy shounen,7.31,1828
31500,High School Fleet,action military school,7.3,38646
1358,Hokuto no Ken Movie,adventure scifi shounen,7.3,9328
12175,Koi to Senkyo to Chocolate,drama romance school,7.3,91552
277,Mahoromatic 2,comedy drama ecchi military romance scifi,7.3,21393
34085,Sakura Nagashi,action drama mecha music scifi,7.29,2945
1932,Yes Precure 5,action fantasy magic school shoujo,7.3,6390
1736,B039T X Neo,action adventure shounen,7.29,2864
1116,Junkers Come Here,drama slice of life,7.29,2858
5079,Kurokami The Animation,action martial arts super power,7.29,72750
974,Dead Leaves,adventure comedy psychological scifi,7.28,40717
19159,Genshiken Nidaime OVA,comedy parody slice of life,7.28,8892
31298,Baka to Test to Shoukanjuu Matsuri  Sentakushi Ikou nomi,comedy school,7.27,3817
9645,BeBop Highschool,comedy school seinen,7.26,1180
8359,Crayon Shinchan Movie 04 Henderland no Daibouken,comedy ecchi kids school shounen slice of life,7.26,1479
6361,ef A Tale of Memories  Prologue,drama music,7.26,21002
9958,Hayate no Gotoku Heaven Is a Place on Earth,comedy harem parody,7.26,22973
2602,Kenkou Zenrakei Suieibu Umishou,comedy ecchi school shounen sports,7.26,25814
14817,Mouretsu Pirates Abyss of Hyperspace,scifi space,7.26,7787
3305,Muteki Koujin Daitarn 3,mecha scifi,7.25,1270
23043,Re Boot,drama music school slice of life,7.25,1544
3221,Shakugan no Shana Movie Special,adventure comedy fantasy parody,7.25,19488
8909,Tales of Symphonia The Animation Tethe039allahen Specials,comedy,7.25,5067
25143,Kono Danshi Sekika ni Nayandemasu,drama school shounen ai,7.24,8873
690,Kyuuketsuhime Miyu TV,action demons drama horror vampire,7.24,21550
2674,Doraemon Movie 16 Nobita no Sousei Nikki,adventure comedy fantasy kids scifi shounen,7.23,864
15719,Oda Nobuna no Yabou Soushuuhen,comedy historical romance,7.23,5965
22583,Uchuu Kyoudai Number Zero,comedy scifi seinen slice of life space,7.22,2657
4375,Kyorochan,adventure comedy fantasy,7.22,1124
21603,Mekakucity Actors,comedy romance scifi super power supernatural,7.21,198876
11021,MuvLuv Alternative Total Eclipse,action mecha military scifi,7.21,55531
2117,Shin Captain Tsubasa,action shounen sports,7.21,4630
5458,YuGiOh Duel Monsters Battle City Special,adventure fantasy game shounen,7.21,9429
1079,Armitage III,action adventure mecha police romance scifi,7.2,14930
9907,Bokura no Live Kimi to no Life,music,7.2,10426
9367,Freezing,action drama ecchi harem martial arts romance scifi seinen,7.2,159273
3446,Biohazard Degeneration,action horror scifi,7.19,20172
1796,Dirty Pair The Movie,adventure comedy police scifi,7.19,3227
26165,Yuri Kuma Arashi,drama fantasy psychological school seinen shoujo ai,7.19,48549
493,Armitage III PolyMatrix,action adventure mecha military police romance scifi,7.18,9186
7066,Mahoromatic I039m Home,comedy ecchi romance scifi,7.18,5760
1110,Mermaid Melody Pichi Pichi Pitch Pure,adventure comedy magic romance shoujo,7.18,19311
6098,Sora no Manimani,comedy romance school slice of life,7.18,28652
3486,Yuusha Tokkyuu Might Gaine,action adventure mecha scifi shounen,7.18,1021
2132,Inukami The Movie Tokumei Reiteki Sousakan Karina Shirou,comedy ecchi magic romance supernatural,7.17,13115
5978,Kannagi Moshimo Kannagi ga Attara,comedy school shounen supernatural,7.17,22155
252,Madlax,drama magic military mystery psychological shounen supernatural,7.17,25995
4997,Mahoromatic 2 End Year Special,comedy ecchi military romance scifi,7.17,4236
2586,Soukou Kihei Votoms Kakuyaku taru Itan,drama mecha military scifi,7.17,1761
548,Wonderful Days,action drama romance scifi,7.17,23422
7152,Anyamal Tantei Kiruminzoo,comedy magic shoujo,7.16,3605
3432,Chou Mashin Eiyuuden Wataru,action adventure comedy mecha,7.16,615
3033,Digimon Tamers Bousou Digimon Tokkyuu,adventure comedy scifi shounen,7.16,14037
2130,Kaibutsu Oujo,action comedy horror shounen supernatural vampire,7.16,44825
2489,Onegai My Melody,comedy fantasy magic,7.16,3633
28617,Punch Line,comedy ecchi scifi super power supernatural,7.16,93000
22663,Seiken Tsukai no World Break,action fantasy harem romance school supernatural,7.16,97401
2799,Hello Sandybell,adventure romance shoujo,7.15,2587
2000,Roujin Z,comedy drama mecha scifi,7.15,9358
28841,Wake Up Girls Seishun no Kage,drama music,7.15,3560
48,hackSign,adventure fantasy game magic mystery scifi,7.14,110304
900,Dragon Ball Z Movie 07 Kyokugen Battle Sandai Super Saiyajin,adventure comedy fantasy scifi shounen,7.14,52690
5152,Dragon Ball Ossu Kaettekita Son Gokuu to Nakamatachi,action adventure comedy fantasy,7.14,25251
383,Galaxy Angel,comedy scifi,7.14,17601
21653,IS Infinite Stratos 2  World Purgehen,action comedy harem mecha scifi,7.14,28626
3493,Ryuusei no Rockman Tribe,adventure,7.14,3510
22687,Terra Formars,action drama horror scifi seinen space,7.14,95964
23425,Karneval Specials,comedy,7.13,4415
1138,Medarot,adventure comedy scifi shounen,7.13,30148
12137,RoboticaRobotics,psychological scifi shounen ai slice of life,7.12,5769
3561,Dennou Boukenki Webdiver,adventure mecha scifi shounen,7.12,876
4082,Kaibutsu Oujo Konsui Oujo,comedy horror supernatural,7.12,7362
5834,Kyojin no Hoshi,drama sports,7.12,729
15807,RoKyuBu Tomoka no Ichigo Sundae,comedy ecchi school sports,7.12,10122
5298,YuGiOh 5D039s Shinkasuru Kettou Stardust vs Red Demon039s,fantasy game scifi,7.12,5176
1826,Deltora Quest,adventure fantasy kids,7.11,10591
3837,Mashin Eiyuuden Wataru,adventure comedy mecha scifi shounen,7.11,956
521,Mermaid Melody Pichi Pichi Pitch,adventure comedy magic romance shoujo,7.11,32296
596,Chobits Chibits,comedy romance,7.1,35513
1953,Code Geass Hangyaku no Lelouch Picture Drama,comedy school slice of life,7.1,33004
859,Digimon Savers,adventure comedy drama fantasy shounen,7.1,41021
2630,Doraemon Meets Hattori the Ninja,comedy kids scifi shounen,7.1,729
18001,Freezing Vibration,action drama ecchi harem martial arts military romance scifi seinen,7.1,79298
13411,Guilty Crown Lost Christmas,action drama scifi super power,7.1,51604
3484,Maison Ikkoku Prelude  Meguru Haru no Sakura no you ni,comedy drama romance,7.1,1672
6749,Prince of Tennis The Band of Princes Film Kick the Future,action music,7.1,3826
10824,Ranma  DoCo Music Video,comedy martial arts music slice of life,7.1,1775
4646,Cobra The Animation The PsychoGun,action adventure mecha scifi space,7.09,2843
933,Dai Mahou Touge,comedy magic supernatural,7.09,19555
12225,Galaxy Angel S,comedy scifi,7.09,1205
32700,Heart Realize,music,7.09,1626
17635,Koitabi True Tours Nanto,romance,7.09,7452
1435,Lupin III Lupin vs Fukuseiningen,action adventure comedy mystery shounen,7.09,4969
607,Otogi Juushi Akazukin,adventure comedy fantasy,7.09,3847
311,Ace wo Nerae,drama romance school shoujo sports,7.08,3945
1568,Sumomomo Momomo Chijou Saikyou no Yome,comedy martial arts romance,7.08,31385
2706,Bakusou Kyoudai Let039s amp Go WGP,cars shounen sports,7.07,2378
579,Battle Programmer Shirase,comedy ecchi scifi,7.07,22292
11285,BlackRock Shooter TV,action drama school slice of life,7.07,198991
31105,Buddy Complex Daremo Shiranai Ashita e,action mecha scifi,7.07,987
8360,Crayon Shinchan Movie 06 Dengeki Buta no Hizume Daisakusen,comedy ecchi kids school shounen slice of life,7.07,1346
2751,Miyori no Mori,drama fantasy slice of life,7.07,6273
6902,Saikyou Bushouden Sangoku Engi,historical,7.07,1363
1260,Saint Seiya Saishuu Seisen no Senshitachi,adventure scifi shounen,7.07,8217
873,hackRoots,adventure drama fantasy game scifi,7.06,50480
30903,Children Record,music,7.06,745
1151,Dominion,comedy mecha police scifi,7.06,7850
3281,Kinnikuman Kinnikusei Oui Soudatsuhen,action comedy shounen sports,7.06,676
3019,Lupin III Kiri no Elusive,action adventure comedy shounen,7.06,2693
9712,MariaHolic Alive,comedy parody school shoujo ai,7.06,40502
16910,Namiuchigiwa no Muromisan,comedy fantasy slice of life,7.06,25564
1897,Zettai Muteki RaijinOh,adventure mecha school scifi shounen,7.06,592
2692,CB Chara Go Nagai World,action comedy parody,7.05,989
2172,Crayon Shinchan Movie 15 Arashi wo Yobu Utau Ketsu dake Bakudan,comedy ecchi kids school,7.05,1051
2595,DCII Da Capo II,drama ecchi romance school,7.05,25225
4935,Ikkyuusan,comedy historical kids,7.05,720
3318,Kimi ga Nozomu Eien Next Season,drama romance,7.05,21064
2573,Minami no Niji no Lucy,adventure drama slice of life,7.05,742
280,Animal Yokochou,adventure comedy fantasy shoujo,7.04,1511
2280,Hare Tokidoki Buta TV,comedy,7.04,607
1504,Macross Flash Back 2012,drama mecha military scifi,7.04,5199
33606,One Piece Film Gold Episode 0  711 ver,action adventure comedy fantasy shounen super power,7.04,4166
6489,Zero no Tsukaima Princesses no Rondo Picture Drama,action adventure comedy drama ecchi fantasy harem magic romance school,7.04,23532
31763,Accel World InfiniteBurst,action game romance school scifi,7.03,21916
20945,Iron Kid,action adventure comedy scifi,7.03,908
2613,Mirai Shounen Conan 2 Taiga Daibouken,adventure drama scifi,7.03,931
31442,Musaigen no Phantom World,action comedy fantasy slice of life supernatural,7.03,168482
2832,AniKuri15,adventure comedy drama fantasy game magic martial arts mecha school scifi slice of life super power supernatural,7.02,12926
2118,Captain Tsubasa Europe Daikessen,action shounen sports,7.02,2819
24169,Detective Conan The Fugitive Kogorou Mouri,comedy mystery,7.02,2403
1192,Kakurenbo,horror psychological supernatural,7.02,22853
2487,Kyouryuu Boukenki Jura Tripper,adventure drama fantasy scifi,7.02,756
11751,Senki Zesshou Symphogear MeteoroidFalling Burning and Disappear Then,action music scifi,7.02,47588
7375,Shakugan no Shana S Specials,comedy parody,7.02,18190
29223,AldnoahZero Extra Archives,action mecha scifi,7.01,6895
5914,Kanamemo,comedy ecchi shoujo ai slice of life,7.01,23757
561,Sakura Taisen,adventure mecha scifi shounen,7.01,11293
9547,Alps no Shoujo Heidi 1979,drama historical slice of life,7.0,1480
750,Binchoutan,comedy slice of life,7.0,6960
6246,Black Jack Sora kara Kita Kodomo,drama,7.0,1595
25437,Brothers Conflict OVA,harem romance shoujo,7.0,10286
32483,Cheer Danshi,school sports,7.0,29219
124,Fushigi Yuugi Eikouden,adventure drama fantasy romance shoujo,7.0,11740
33546,Monster Strike Mermaid Rhapsody,action fantasy game,7.0,854
6479,Candy Boy Episode EX02  Shiawase Kyouyuu Riron,romance shoujo ai slice of life,6.99,15078
2707,Majime ni Fumajime Kaiketsu Zorori,adventure kids,6.99,390
1648,UFO Princess Valkyrie 4 Toki to Yume to Ginga no Utage,comedy romance scifi,6.99,3993
2090,Choujikuu Seiki Orguss 02,action adventure mecha romance scifi shounen,6.98,1556
30039,Future Card Buddyfight 100,game,6.98,1365
5395,Nekketsu Saikyou GoSaurer,action mecha scifi,6.98,405
9127,Zettai Karen Children Gentei Kaikin OVA Chou Sakidori Special,action comedy shounen supernatural,6.98,1664
15411,Arcana Famiglia Capriccio  stile Arcana Famiglia,romance shoujo,6.97,12690
25907,Glass no Hana to Kowasu Sekai,scifi,6.97,17105
2757,Juuni Senshi Bakuretsu Eto Ranger,action comedy fantasy,6.97,936
4086,Muka Muka Paradise,adventure comedy,6.97,1165
6031,Osu Karate Bu,martial arts school shounen,6.97,628
23849,Pokemon XY Sora no Hahen,adventure fantasy kids,6.97,2360
6112,Shin KoihimeMusou,comedy ecchi fantasy historical,6.97,20742
8017,Soukou Kihei Votoms Genei Hen,action drama mecha military scifi,6.97,1454
2520,Dragon Ball Specials,comedy fantasy shounen super power,6.96,14575
17497,Jewelpet Happiness,fantasy magic shoujo,6.96,1250
743,Umi ga Kikoeru,drama romance school slice of life,6.96,25671
32741,Girls und Panzer der Film Fushou  Akiyama Yukari no Sensha Kouza,military school,6.94,1667
11079,Kill Me Baby,comedy school seinen,6.95,54288
7367,Naruto The Cross Roads,action adventure comedy shounen,6.95,22131
115,El Hazard The Alternative World,adventure comedy fantasy,6.94,7131
7857,Mini Sengoku Basara Chousokabekun to Mourikun,comedy historical,6.94,4110
9806,Qin Shiming Yue Zhi Bai Bu Fei Jian,action fantasy historical martial arts,6.94,1070
2289,Akihabara Dennougumi 2011nen no Natsuyasumi,adventure comedy mecha scifi,6.93,1396
4151,Blade of the Immortal,action adventure historical samurai supernatural,6.93,36058
17357,Dokidoki Precure Movie Mana Kekkon Mirai ni Tsunagu Kibou no Dress,fantasy kids magic shoujo,6.93,1828
2645,Dorami amp Doraemons Space Land039s Critical Event,adventure comedy fantasy kids scifi shounen,6.93,457
9330,Dragon Crisis,action magic romance school seinen supernatural,6.93,94922
1502,Mahou Shoujo Pretty Sammy 1996,comedy fantasy magic parody seinen,6.93,3501
2231,Miyuki,romance school,6.93,1423
3765,Pygmalio,adventure fantasy,6.93,533
2510,Sengoku Majin Goushougun,mecha parody scifi,6.93,849
9063,Toaru Kagaku no Railgun Entenka no Satsuei Model mo Raku Ja Arimasen wa ne,comedy ecchi,6.93,23004
4066,Tytania,adventure military psychological romance scifi space,6.93,13363
2212,Bakuretsu Tenshi Infinity Specials,action mecha scifi,6.92,4678
2131,Bokusatsu Tenshi Dokurochan 2,comedy ecchi magic,6.92,70734
24909,Kaitou Joker,adventure comedy mystery shounen,6.92,6352
1882,Sasami Mahou Shoujo Club 2,fantasy magic school,6.92,2277
20545,Yuusha ni Narenakatta Ore wa Shibushibu Shuushoku wo Ketsui Shimashita OVA,comedy ecchi fantasy romance,6.92,20680
1645,Harlock Saga Nibelung no Yubiwa,action adventure drama scifi seinen space,6.91,3244
8228,Jigoku Sensei Nube Gozen 0 toki Nube Shisu,adventure comedy horror school shounen supernatural,6.91,913
1638,Peter Pan no Bouken,adventure fantasy,6.91,2146
33420,RESTART POiNTER,music,6.91,364
2884,Aachi wa Ssipak,action comedy,6.9,5566
27815,Cardfight Vanguard G,action game shounen,6.9,4960
3053,Ganbare Kickers,comedy drama shounen sports,6.9,4977
3146,GR Giant Robo,adventure mecha military scifi shounen,6.9,1546
6069,Gregory Horror Show,comedy demons horror mystery supernatural vampire,6.9,1385
29087,Wangpai Yushi,comedy fantasy school shounen supernatural,6.9,1184
3689,Hatsumei Boy Kanipan,adventure comedy mecha scifi,6.89,375
12783,Sora no Otoshimono Final Eternal My Master,comedy ecchi harem scifi shounen supernatural,6.89,48730
8366,Crayon Shinchan Movie 14 Densetsu wo Yobu Odore Amigo,comedy ecchi kids school shounen slice of life,6.88,973
1755,Di Gi Charat Ohanami Special,comedy,6.88,1553
21879,Sword Art Online Sword Art Offline  Extra Edition,comedy,6.88,27380
8648,Break Blade Picture Drama,comedy fantasy,6.87,4712
1082,Hikari to Mizu no Daphne,comedy drama mystery police psychological scifi,6.87,8876
9957,Hoshizora no Violin,historical slice of life,6.87,482
21235,Log Horizon Recap,action adventure fantasy magic shounen,6.87,10245
466,One Piece Taose Kaizoku Ganzack,action adventure comedy fantasy shounen super power,6.87,17240
2629,Doraemon and Itchy the Stray,comedy kids scifi shounen,6.86,549
31930,Koukaku no Pandora Ghost Urn,action comedy ecchi scifi,6.86,3327
4411,Mirai Robo Daltanias,comedy mecha shounen space,6.86,509
5526,Pokemon Pikachu no Natsuyasumi,comedy fantasy kids,6.86,19960
19825,Saikyou Ginga Ultimate Zero Battle Spirits,shounen,6.86,730
10897,Boku wa Tomodachi ga Sukunai Episode 0,comedy romance school seinen slice of life,6.85,69233
23115,Hamatora The Animation Saishuukai Chokuzen Mao ga Okuru Soushuuhen Special,comedy mystery super power,6.85,4587
557,Koutetsu Tenshi Kurumi Encore,comedy historical romance scifi shounen,6.85,4734
3182,Massugu ni Ikou 2nd Season,comedy josei romance slice of life,6.85,904
22661,One Piece Cry Heart,fantasy shounen,6.85,3417
2783,Oyayubi Hime Monogatari,adventure fantasy shoujo,6.85,671
13755,Feeling from Mountain and Water,music,6.82,437
5036,Hurricane Live 2033,music,6.84,972
15005,Kyou no Asuka Show,comedy ecchi seinen,6.84,15032
10260,Eiyuu Densetsu Sora no Kiseki The Animation,action adventure fantasy,6.83,9730
9750,Itsuka Tenma no Kuro Usagi,comedy ecchi romance shounen supernatural vampire,6.83,73555
2457,Majokko Tsukunechan,comedy magic seinen,6.83,1622
10197,Nyanpire The Animation,comedy supernatural,6.83,19161
25859,ReKan,comedy school seinen supernatural,6.83,37544
14355,Yama no Susume,adventure comedy slice of life,6.83,27487
16928,Hiiro no Kakera Totsugeki Tonari no Ikemenzu,comedy fantasy shoujo,6.82,4637
3935,Karakuri Kiden Hiwou Senki,action adventure historical mecha,6.82,719
33741,Mobile Police Patlabor Reboot,comedy mecha police scifi,6.82,2303
24821,Isshuukan Friends Specials,school slice of life,6.81,10995
667,Kashimashi Girl Meets Girl,comedy drama romance school shoujo ai slice of life,6.81,32198
30915,Kekkai Sensen Soresaemo Saitei de Saikou na Hibi,action fantasy shounen super power supernatural vampire,6.8,14934
2114,Tenkuu Senki Shurato Sousei e no Anto,action fantasy magic shounen,6.81,916
1675,Transformers Micron Densetsu,action mecha scifi shounen,6.81,5095
4101,Wan Wan Celepoo Soreyuke Tetsunoshin,comedy fantasy kids,6.81,432
1266,Yoroiden Samurai Troopers Kikoutei Densetsu,adventure fantasy samurai shounen,6.81,1412
28789,3gatsu no Lion meets Bump of Chicken,drama music seinen,6.8,2160
385,Gilgamesh,drama fantasy scifi supernatural,6.8,25332
3836,Meiken Jolie,adventure historical,6.8,973
9001,Je T039aime,scifi,6.79,3830
17731,Ketsuekigatakun,comedy,6.79,6331
25241,Akame ga Kill Theater,comedy,6.78,26852
20543,Bayonetta Bloody Fate,action demons fantasy super power,6.78,19994
9119,Chirorin Mura Monogatari,kids slice of life,6.78,411
1752,Di Gi Charat Hoshi no Tabi,comedy,6.78,1973
3381,Fushigi no Umi no Nadia Specials,adventure scifi,6.78,1927
9335,Megane na Kanojo,comedy romance school shounen,6.78,10119
14093,Pokemon Best Wishes Season 2,action adventure comedy fantasy kids,6.78,19603
30625,Princess Princess Specials,comedy school shoujo,6.75,687
2980,Kuusou Kagaku Sekai Gulliver Boy,action adventure fantasy magic mecha,6.77,534
9581,MM Specials,comedy ecchi school,6.77,21462
26351,Nagato Yukichan no Shoushitsu,comedy romance school seinen slice of life,6.77,62601
10005,Tetsujin 28gou Hakuchuu no Zangetsu,action adventure mecha scifi,6.77,404
4467,Universe,fantasy music,6.77,1275
20267,Wooser no Sono Higurashi Kakuseihen,comedy fantasy slice of life,6.77,4334
11755,009 ReCyborg,action adventure mecha scifi,6.76,8307
7805,Baka to Test to Shoukanjuu Mondai  Christmas ni Tsuite Kotae Nasai,comedy romance,6.76,28032
1660,Kurogane Communication,action adventure drama scifi,6.76,2928
1742,Souryuuden,drama mystery super power supernatural,6.76,1408
2619,Spider Riders Oracle no Yuushatachi,action adventure mecha,6.76,3605
12699,Tales of Gekijou,comedy,6.76,2853
33811,Teekyuu 8,comedy shounen sports,6.76,3961
315,Xiao Qian,action drama fantasy romance,6.76,1823
2221,Aishite Knight,comedy romance shoujo,6.75,3746
1181,Hikyou Tanken Fam amp Ihrlie,action adventure comedy fantasy magic,6.75,4032
17341,Yama no Susume Kabette Kowakunai no,comedy slice of life,6.75,7878
2709,Bakusou Kyoudai Let039s amp Go MAX,cars shounen sports,6.74,1572
2419,Spirit of Wonder Chinasan no Yuuutsu,romance scifi seinen,6.74,1947
10390,hackQuantum Sore ike Bokura no Chimuchimuchan,comedy game,6.73,5249
10490,BloodC,action horror school supernatural vampire,6.73,118553
590,Kage kara Mamoru,comedy romance shounen,6.73,17136
2497,Shin Cutey Honey,adventure comedy ecchi magic scifi,6.73,3455
10324,Tono to Issho Gantai no Yabou,comedy historical parody samurai seinen,6.73,1993
1198,Tsuyokiss,comedy romance school slice of life,6.73,13680
808,Bakuretsu Hunters OVA,action adventure comedy ecchi fantasy harem magic romance shounen super power,6.72,3686
3952,Blue Seed 15,comedy romance scifi,6.72,1326
225,Dragon Ball GT,action adventure comedy fantasy magic scifi shounen super power,6.72,226625
7364,Dragon Quest Dai no Daibouken Buchiyabure Shinsei 6 Daishougun,action adventure fantasy magic shounen,6.72,736
31096,Hibike Euphonium Suisougakubu no Nichijou,comedy music school,6.72,12196
2282,Tezuka Osamu no Kyuuyaku Seisho Monogatari In the Beginning,historical,6.72,444
370,Burn Up Excess,action adventure comedy ecchi police scifi shounen,6.71,6402
33181,Nijiiro Days OVA,comedy romance school shoujo slice of life,6.73,4088
1130,Windaria,action drama fantasy romance scifi,6.71,4905
1673,Bomberman BDaman Bakugaiden V,scifi shounen,6.7,932
2060,Gall Force 1 Eternal Story,action adventure mecha military scifi space,6.7,2780
2804,Hana no Mahoutsukai Mary Bell,adventure fantasy magic shoujo,6.7,1033
840,Narue no Sekai,comedy romance scifi,6.7,11544
2086,NG Knight Ramune amp 40 DX Wakuwaku Jikuu  Honoo no Daisousasen,adventure comedy fantasy shounen,6.7,421
1978,Onkyo Seimeitai Noiseman,action fantasy scifi,6.7,5295
402,Otogi Juushi Akazukin OVA,adventure comedy fantasy magic,6.7,1030
7839,UFO Robo Grendizer Akai Yuuhi no Taiketsu,mecha scifi,6.7,252
20613,Viva Namida,music,6.7,2376
6428,Psychoarmor Govarian,action mecha scifi super power,6.69,352
6137,Tsuki no Waltz,music,6.69,1499
7160,Yoroshiku Mechadock,action cars comedy police sports,6.69,346
16518,Arata Kangatari,adventure fantasy shounen,6.68,38819
1661,Cutey Honey,action adventure school scifi,6.68,6596
1178,Detonator Orgun,action mecha scifi,6.68,2809
564,Puni PuniPoemii,comedy magic scifi shounen,6.68,21987
2041,Ai to Yuuki no Pig Girl Tonde Buurin,adventure comedy fantasy magic parody romance school shoujo,6.67,6183
1348,Bubblegum Crash,action adventure mecha scifi shounen,6.67,4826
7775,Futatsu no Kurumi,drama,6.67,552
33421,Hitori no Shita The Outcast,action super power supernatural,6.67,36343
9916,Samurai Giants,sports,6.67,319
1012,Sexy Commando Gaiden Sugoiyo Masarusan Specials,comedy martial arts school shounen,6.67,1029
7744,Fight Ippatsu Juudenchan Specials,comedy ecchi,6.66,4700
32446,MONSTER GENERATiON,music,6.66,468
438,Phantom The Animation,action drama shounen,6.66,9285
715,Yume de Aetara,comedy drama ecchi romance seinen,6.66,2703
12437,Yuri Seijin Naokosan 2012,comedy,6.66,6578
11583,Kami nomi zo Shiru Sekai Natsuiro Surprise,music,6.65,5772
1693,Reideen,action mecha scifi,6.65,5736
8765,Futarigurashi,comedy ecchi romance,6.64,551
20381,Jungle Taitei Movie,adventure shounen,6.64,271
13253,Blossom,music,6.63,2825
23137,Girls und Panzer Heartful Tank Disc Picture Drama,military school,6.63,2296
2207,Hamelin no Violin Hiki The Movie,adventure comedy fantasy,6.63,1551
25861,Inugamisan to Nekoyamasan Special,comedy school shoujo ai,6.63,7062
10671,Moritasan wa Mukuchi,comedy school slice of life,6.63,15046
30088,Ryoutei no Aji,slice of life,6.63,538
30250,Triage X Recollection XOXO,action ecchi school shounen,6.63,8509
1276,Ys,adventure demons drama fantasy magic,6.63,4317
33145,Detective Conan Nazo no Suisei Kaijuu wo Oe,mystery,6.62,976
33069,Dimension W Special,scifi seinen,6.62,4593
2485,Doku Tenshi no Shippo,comedy fantasy magic romance,6.62,1184
11507,Kami nomi zo Shiru Sekai Nonstop Hunters,music,6.62,6634
15279,Kira Kira 5th Anniversary Live Anime Kick Start Generation,music,6.62,1381
9789,Nezumi Monogatari George to Gerald no Bouken,adventure kids,6.62,483
425,Shiritsu Araiso Koutougakkou Seitokai Shikkoubu,comedy shounen ai sports,6.62,4085
10723,Sojunghan Nalui Kkum,comedy drama romance,6.62,904
6270,Neko Machi,fantasy horror,6.6,716
13251,Shin Hikari Shinwa Palutena no Kagami,adventure comedy fantasy,6.6,1763
12439,Soukou Kihei Votoms Vol1 Stories of the 039AT Votoms039,action drama mecha military scifi,6.6,289
7522,Taichi Senjimon,action adventure fantasy magic,6.6,577
8965,Tottoko Hamtarou OVA 3 Hamuchanzu to Niji no Kuni no Oujisama  Sekai de Ichiban no Takaramono,adventure comedy kids,6.6,745
3570,Yadosagashi,adventure fantasy kids slice of life,6.6,1113
14989,Chousoku Henkei Gyrozetter,action cars mecha shounen,6.58,3183
2637,Doraemon It039s Autumn,adventure comedy fantasy kids shounen,6.59,483
13231,Metal Fight Beyblade Zero G,adventure sports,6.59,3533
31121,Monster Musume no Iru Nichijou Hobo Mainichi  Namappoi Douga,comedy slice of life,6.59,13801
2047,Ningyo,fantasy,6.59,2265
21571,Pokemon Pikachu Kore Nan no Kagi,adventure comedy fantasy kids,6.59,2213
4524,Shenmue The Movie,action adventure game martial arts,6.59,682
9690,Densetsu no Yuusha no Densetsu Iris Report,action adventure fantasy magic shounen,6.58,11765
3873,Honey Honey no Suteki na Bouken,adventure historical shoujo,6.58,386
7295,Koi Tsubomi,fantasy music,6.58,1242
3876,Maeterlinck no Aoi Tori Tyltyl Mytyl no Bouken Ryokou,adventure fantasy,6.58,279
34475,Monster Strike Rain of Memories,action fantasy game,6.58,313
3757,Sekai Meisaku Douwa Aladdin to Mahou no Lamp,adventure fantasy,6.58,573
8603,Tegami Haikei Juugo no Kimi e,music school slice of life,6.58,653
819,Boku wa Imouto ni Koi wo Suru,romance shoujo,6.57,26923
25283,Kuusen Madoushi Kouhosei no Kyoukan,action drama fantasy magic school,6.57,81870
20539,Namekoke no Ichizoku,comedy slice of life,6.57,439
3194,Ningyohime Marina no Bouken,drama fantasy kids romance,6.57,889
5844,Pokemon Pikachu no Obake Carnival,adventure comedy fantasy kids,6.57,3365
943,Yume Tsukai,drama fantasy magic slice of life,6.57,5719
3810,Mori no Youki na Kobitotachi Belfy to Lillibit,adventure comedy fantasy,6.56,561
3758,Panda no Daibouken,adventure,6.56,300
21695,Pokemon XY SP Road to Kalos,action adventure comedy fantasy kids,6.56,2865
8287,SD Gundam Sangokuden Brave Battle Warriors,action historical mecha,6.56,2388
14283,Vividred Operation,action ecchi scifi,6.56,45869
4991,Wakakusa Monogatari,historical slice of life,6.56,373
6629,Asarichan,comedy shoujo slice of life,6.55,263
348,Binzume Yousei,comedy fantasy magic slice of life,6.55,12852
1537,Genshi Shounen Ryuu,action adventure romance scifi shounen,6.55,731
31911,Pokemon Fushigi no Dungeon Magnagate to Mugendai Meikyu,adventure fantasy kids,6.55,624
3969,Kagaku Kyuujotai TechnoVoyager,action adventure mecha scifi space,6.54,377
32682,Kagewani Shou,horror mystery supernatural thriller,6.54,11052
8949,Tottoko Hamtarou OVA 2 Hamuchanzu no Takara Sagashi Daisaku  Hamuha Suteki na Umi no Natsuyasumi,kids,6.54,749
1598,Casshern Robot Hunter,adventure mecha scifi,6.53,4497
2064,Gall Force Chikyuu Shou,action mecha military scifi,6.53,1098
5131,Groizer X,mecha scifi,6.53,298
30196,Tsubasa to Hotaru 2015,romance school shoujo,6.53,1886
5917,Tsuru ni Notte Tomoko no Bouken,drama,6.53,321
2806,Yadamon,adventure comedy fantasy,6.53,373
9737,Appleseed XIII,action mecha military police scifi,6.52,9336
359,I039llCKBC,action school shounen sports,6.52,3425
32412,Kigyou Senshi Arslan,comedy parody,6.51,2323
7547,Komadori Eiga Komaneko,kids slice of life,6.52,238
2302,Mobile Suit SD Gundam Mk I,mecha parody scifi,6.52,2371
7626,Umi no Triton 1979,adventure fantasy shounen,6.52,235
6743,Utawarerumono OVA Picture Drama,comedy fantasy,6.52,3359
15219,hackVersus The Thanatos Report,action game scifi,6.51,4474
769,Burn Up W,comedy ecchi mecha scifi shounen,6.5,5750
21677,Captain Earth,action mecha romance scifi space,6.5,43137
1361,Final Fantasy The Spirits Within,scifi,6.5,53822
9403,Shin Mashin Eiyuuden Wataru Majinzan,action adventure comedy fantasy mecha scifi,6.5,213
23583,Akage no Anne Specials,drama historical kids shoujo slice of life,6.49,331
1158,Geobreeders FileX Chibi Neko Dakkan,adventure comedy shounen supernatural,6.49,1636
28603,Shakugan no Shana Naze Nani Shana Nandemo Shitsumonbako Special,comedy fantasy supernatural,6.48,2190
6397,Tentou Mushi no Uta,drama slice of life,6.48,249
32993,Sore ga Seiyuu Petit Uchiage,comedy slice of life,6.47,1651
8194,Akumakun,adventure fantasy horror magic supernatural,6.46,382
3913,Onikirimaru,action demons martial arts shounen,6.46,1174
8278,Biohazard 4 Incubate,action demons horror military mystery police supernatural thriller,6.45,3604
910,Himawari,adventure comedy martial arts,6.45,15549
28853,Pokemon Pikachu to Pokemon Ongakutai,adventure fantasy kids,6.45,1509
11773,To Heart 2 Dungeon Travelers,adventure comedy ecchi fantasy magic seinen,6.45,2540
28085,Wonder Movie,dementia,6.45,644
13863,Arve Rezzle Kikaijikake no Youseitachi,action drama mystery scifi thriller,6.44,18770
14875,Eureka Seven AO Jungfrau no Hanabanatachi,action adventure drama mecha scifi,6.44,6756
10666,Fireball Special,comedy scifi,6.44,1439
1057,Ippatsu Kiki Musume,action comedy ecchi,6.44,3188
8146,Gegege no Kitarou Daikaijuu,action fantasy horror shounen supernatural,6.43,305
13563,The Four Seasons,slice of life,6.42,1190
9591,Code Geass Hangyaku no Lelouch R2 Flash Specials,parody,6.42,9291
5168,Hairy Tale,historical samurai,6.42,3510
31540,Sekkou Boys,comedy music,6.42,28303
33668,Soushin Shoujo Matoi,magic supernatural,6.42,12549
4513,Hakujaden,adventure fantasy historical romance,6.41,1542
4928,Idol Tenshi Youkoso Yoko,comedy drama shoujo,6.41,419
6979,Shukufuku no Campanella,adventure fantasy harem magic,6.41,20054
2027,Wind A Breath of Heart Specials,comedy romance school,6.41,1335
10526,Duel Masters Zero,action kids,6.4,795
360,Himikoden,adventure drama fantasy supernatural,6.4,3731
3839,Himitsu no Akkochan 3,magic school shoujo,6.4,378
13681,Nekogami Yaoyorozu Specials,comedy seinen supernatural,6.4,915
26189,Ai Tenshi Densetsu Wedding Peach Specials,adventure comedy magic romance shoujo,6.39,446
34173,Buddy Go 2,comedy romance shoujo,6.39,304
2281,Jikuu Tantei Genshikun,adventure comedy fantasy mystery scifi shounen,6.39,5541
9748,Kaze wo Nuke,sports,6.39,187
2679,Teki wa Kaizoku Nekotachi no Kyouen,comedy scifi,6.39,720
12123,Yurumates 3D,comedy seinen slice of life,6.39,5678
13807,Corpse Party Missing Footage,horror school,6.38,57507
1344,Eightman After,action drama scifi,6.38,1771
9731,Nurarihyon no Mago Recaps,action demons shounen supernatural,6.38,9781
3004,Saint Beast Ikusen no Hiru to Yoruhen,fantasy magic,6.38,2708
1508,Scifi Harry,drama horror scifi,6.38,5194
28593,Yuusha ni Narenakatta Ore wa Shibushibu Shuushoku wo Ketsui Shimashita Specials,comedy,6.38,3818
16149,KickHeart,comedy romance sports,6.37,8007
2103,TOY,drama music shounen,6.37,1275
20187,Genei wo Kakeru Taiyou Fumikomenai Kokoro,magic,6.36,4545
15313,Wooser no Sono Higurashi,comedy fantasy slice of life,6.36,8081
6872,Cyborg 009,action adventure drama scifi shounen,6.35,1216
8584,Future War 198Xnen,drama military,6.35,444
10901,Aoi Hitomi no Onnanoko no Ohanashi,drama historical,6.34,373
8178,Fujoshi no Hinkaku,slice of life,6.34,633
33498,Ganbare Kickers Hitoribocchi no Ace Striker,drama shounen sports,6.34,145
7596,Haiyoru Nyaruani,comedy parody scifi,6.34,18386
21479,Metal Fight Beyblade Zero G Specials,adventure sports,6.34,915
4213,Saishuu Shiken Kujira Progressive,drama romance,6.34,1710
4948,Shounen Sarutobi Sasuke,adventure fantasy,6.34,564
2516,Uchuu no Senshi,mecha military scifi shounen space,6.34,2596
1959,Wild 7,action drama police shounen,6.34,679
2738,Kasumin 3rd Season,fantasy kids,6.33,287
23367,Kitakubu Katsudou Kiroku Miniature Theater,comedy school,6.33,1154
6496,Cutey Honey Flash The Movie,adventure comedy magic romance,6.32,1577
23333,DRAMAtical Murder,action psychological scifi super power,6.32,80121
29301,Kurage no Shokudou,drama slice of life,6.32,8112
30865,Umi ni Ochita Tsuki no Hanashi,kids,6.32,293
12131,30sai no Hoken Taiiku Specials,ecchi parody romance seinen,6.31,3073
1628,Maou Dante,action demons horror shounen supernatural,6.31,3907
7740,Queen039s Blade Gyokuza wo Tsugu Mono Specials,action adventure ecchi fantasy,6.31,7496
2068,Sousei Kishi Gaiarth,action adventure mecha scifi,6.31,1104
7610,Anju to Zushioumaru,fantasy historical,6.3,637
3808,Futari Daka,cars shounen sports,6.3,234
29035,Robot Girls Z Plus,comedy mecha parody,6.3,3863
30390,Sengoku Musou Sengoku Musou High School,comedy samurai school,6.3,735
8132,Chou Deneiban SD Gundam Sangokuden Brave Battle Warriors,action historical mecha,6.29,1208
1561,Lovedol Lovely Idol,harem music,6.29,5825
25495,fakefake,music,6.28,548
3294,Gasshin Sentai Mechander Robo,mecha military mystery scifi space,6.28,287
33808,Girlfriend Note,music school,6.28,1942
11005,Holy Knight,ecchi fantasy school seinen supernatural vampire,6.28,20589
1427,Lupin III Ikiteita Majutsushi,adventure comedy shounen,6.28,2697
3599,Shin Kujakuou,action demons horror,6.28,743
9002,True Tears Raigomaru to Jibeta no Monogatari,kids,6.28,5110
7491,Dragon Quest Retsuden Roto no Monshou,adventure fantasy magic shounen,6.27,590
10525,Shinseiki Duel Masters Flash,comedy kids,6.27,314
32309,Tabi Machi Late Show,drama,6.27,5430
13789,Little Nemo Pilot,adventure,6.26,407
7876,Oz no Mahoutsukai,fantasy,6.26,357
33902,Suntory Minami Alps no Tennen Mizu,drama school,6.26,3700
31551,Yurumates 3D Plus Natsuyasumi Maison du Wish Report,comedy seinen slice of life,6.26,280
1224,Aquarian Age Sign for Evolution,action adventure fantasy music romance scifi shounen super power supernatural,6.25,9268
426,Final Fantasy,action adventure comedy fantasy,6.25,10325
9768,Shima Shima Tora no Shimajirou,adventure comedy fantasy kids magic,6.25,237
11099,Tiger amp Bunny Pilot,action comedy super power,6.25,5936
6616,Watashi no Coffee Samurai Jihankiteki na Kareshi,action romance samurai scifi,6.25,1335
3840,Crystal Blaze,action scifi,6.24,11974
756,School Days ONA,drama romance school,6.24,21104
18003,Thermae Romae x TOTO Collaboration,comedy historical seinen,6.24,447
748,True Love Story,romance,6.24,3409
2226,Mori no Tontotachi,fantasy kids,6.23,278
31133,Shounen Sunday CM Gekijou InuYashahen,action demons fantasy,6.23,1218
13965,Thermae Romae x LOFT Collaboration,comedy historical seinen,6.23,467
1955,Kimagure Robot,comedy fantasy scifi,6.22,1521
5469,Birthday Boy,action drama historical military,6.21,1196
556,Koutetsu Tenshi Kurumi Zero,drama romance scifi,6.21,3896
16211,Bakumatsu Gijinden Roman,fantasy historical,6.2,7816
2723,D4 Princess,action comedy magic mecha scifi,6.2,1514
1175,Metal Fighter Miku,comedy scifi shounen sports,6.2,1377
1099,Shadow Skill Kurudaryuu Kousatsuhou no Himitsu,adventure drama fantasy shounen,6.2,1449
31402,Soul Worker Your Destiny Awaits,action fantasy scifi,6.2,430
13983,Thermae Romae Kodai Romajin ga Uchuu e,comedy seinen space,6.2,749
5628,21 Emon,comedy scifi space,6.19,314
29975,Gunslinger Stratos,action scifi,6.19,2666
17887,Ichirinsha,action mecha scifi seinen,6.19,804
22031,Samurai Gun Special,action historical seinen,6.19,370
31111,Nisshin Seifun Group CM,kids slice of life,6.18,380
12393,Oyako Club,comedy slice of life,6.18,160
5923,Utsunomiko Heaven Chapter,adventure demons fantasy,6.18,333
18953,Hitotsubu ni Kawaranu Ai wo Komete,magic slice of life,6.17,1287
22847,Kara no Kyoukai Mirai Fukuin  Manner Movie,drama,6.17,4260
28811,Last Exile Doyou no Asa,comedy parody scifi,6.17,626
624,Mouse,action comedy ecchi harem shounen,6.17,10979
1349,AD Police TV,action mecha scifi shounen,6.16,5547
32171,Ange Vierge,adventure fantasy magic school,6.16,21934
7164,Catman Specials,comedy fantasy slice of life,6.16,346
20855,Bacterial Contamination,dementia horror music,6.15,1643
3759,School Days Valentine Days,comedy romance school,6.15,32917
2536,Angelique Shiroi Tsubasa no Memoire,drama fantasy magic romance scifi shoujo,6.14,1871
17719,Mahoutsukai Sally Movie,comedy magic shoujo,6.14,202
1155,Melty Lancer,adventure comedy scifi space,6.14,1035
15577,Hello Kitty no Fushigi no Kuni no Alice,fantasy kids,6.13,240
25113,Majokko Shimai no Yoyo to Nene Movie Extra Hatsukoi  Mikako Komatsu,music,6.13,863
1267,Yoroiden Samurai Troopers Message,adventure fantasy samurai shounen,6.13,1299
19871,Gaist Crusher,action fantasy supernatural,6.12,1294
319,Happy World,comedy ecchi fantasy romance,6.11,4348
27997,Kaitou Tenshi Twin Angel Kyun KyunTokimeki Paradise OVA,magic,6.11,362
6704,Queen039s Blade Rurou no Senshi Specials,action adventure ecchi fantasy,6.11,9470
29758,Taboo Tattoo,action comedy martial arts mystery super power supernatural,6.11,99460
8855,Eiyuu Gaiden Mozaicka,fantasy,6.1,558
9385,Rokushin Gattai GodMars 1982,action mecha scifi space,6.1,304
21067,Strange,comedy shoujo slice of life,6.1,21006
33164,Musaigen no Phantom World Limitless Phantom World,comedy fantasy supernatural,6.09,6401
5920,Xanadu Dragonslayer Densetsu,adventure comedy fantasy,6.09,307
1740,Naikaku Kenryoku Hanzai Kyousei Torishimarikan Zaizen Joutarou,action drama police seinen,6.08,627
32338,Yes BanG_Dream,music,6.06,353
11543,Hate You,music,6.07,1222
5263,Tomorrow039s Song,music,6.07,507
25875,Wake Up Girl Zoo,comedy,6.07,3308
31109,Hatsukoi Monster,comedy romance school shoujo,6.06,37238
19133,Turning Girls,comedy slice of life,6.06,4588
9274,Chou Seimeitai Transformers Beast Wars Metals Convoy Daihenshin,action mecha scifi super power,6.05,389
5785,G9,fantasy,6.05,1693
32898,Mobile Suit Gundam 0083 Stardust Memory Picture Drama  Uchuu no Kagerou 2,action mecha space,6.05,269
5918,Deimos no Hanayome Ran no Kumikyoku,demons drama fantasy horror magic mystery psychological shoujo supernatural,6.04,2030
3480,Nayuta,action scifi shoujo,6.04,549
2527,Kotetsu no Daibouken,action comedy ecchi fantasy magic romance scifi shounen,6.03,1420
32521,Super Mario World Mario to Yoshi no Bouken Land,comedy game kids,6.02,163
1625,Soul Link Special,adventure comedy ecchi military romance scifi space,6.02,1973
6189,Baton,adventure scifi,6.01,1482
2616,Sora Iro no Tane,kids,6.0,2016
17733,Dibetagurashi Ahiru no Seikatsu,comedy slice of life,5.99,586
1928,Early Reins,action adventure seinen,5.99,1902
24975,Ghibli ga Ippai Special Short Short,slice of life,5.99,733
7466,Hashire,comedy,5.98,556
12237,Koiken Watashitachi Anime ni Nacchatta,ecchi music,5.98,3384
2091,Oshare Kozou wa Hanamaru,romance shoujo,5.96,327
20557,11eyes Picture Drama,comedy,5.95,2505
23781,Blade amp Soul Specials,comedy,5.95,5167
5889,DragonBlade,action fantasy,5.95,427
5907,Mujigen Hunter Fandora,adventure fantasy scifi,5.95,688
5842,Kotatsu Neko ONA,comedy,5.94,678
32947,Battery,drama slice of life sports,5.92,30270
7561,Kaitou Reinya,comedy,5.92,2087
6787,Goulart Knights Evoked the Beginning Black,action drama fantasy shoujo supernatural,5.91,8002
2574,Kashi no Ki Mokku,adventure fantasy,5.91,787
8619,Ladies versus Butlers Tokuten Disc Music Clip,ecchi music,5.9,5676
2731,Shishunki Bishoujo Gattai Robo ZMIND,action mecha parody,5.9,333
7985,Taiyou no Hou El Cantare e no Michi,fantasy historical,5.9,332
33366,Toukiden 2,action demons,5.89,199
8526,Honey Tokyo,scifi,5.88,1410
1775,Jikuu Tenshou Nazca,action adventure drama fantasy magic,5.88,3080
29757,Mori no e,kids music,5.87,202
19237,Nimrod,fantasy music,5.88,296
1076,Wizardry,action adventure fantasy,5.88,991
1992,Chou Kousoku Gran Doll,action comedy mecha school,5.86,837
9502,Egao no Hana,music,5.86,670
2278,Mahou Yuugi 3D,comedy magic,5.86,1148
6907,MikanSeijin,comedy,5.86,258
17267,Futari wa Milky Holmes,comedy mystery super power,5.85,6303
1933,Growlanser IV Wayfarer of the Time,action,5.85,931
31300,Irodorimidori Change Our Mirai,music,5.85,721
23029,Popful Mail,comedy fantasy music,5.85,166
1766,Youseiki Suikoden,action fantasy martial arts,5.85,1240
4967,Choujin Locke Mirror Ring,action scifi super power,5.84,391
31157,ClassicaLoid,comedy music,5.84,11717
11087,Awake,action mecha parody scifi,5.83,276
13041,Battle Break,action kids,5.83,189
1936,Misutenaide Daisy,comedy romance scifi,5.83,720
3496,Ougon no Hou El Cantare no Rekishikan,fantasy historical,5.83,308
31549,Peeping Life TV Season 1,comedy slice of life,5.83,1573
21821,Fuuun Ishin DaiShogun,action historical mecha,5.82,15758
17513,Diabolik Lovers,harem school shoujo vampire,5.81,107960
21267,Go Go 575,slice of life,5.8,7755
10735,Planetes Picture Drama,comedy scifi space,5.8,1205
31966,Sword Gai,action seinen supernatural,5.8,210
5053,Ai City,action scifi super power,5.79,1513
19233,Around,slice of life,5.79,468
4458,Bavel no Hon,kids,5.79,1906
2081,Makeruna Makendou,comedy magic shounen,5.78,555
29825,Onnanoko tte,comedy shoujo slice of life,5.78,171
6667,Love to Live By,music,5.77,911
4939,Macross Fufonfia,comedy parody,5.76,2189
2069,Onna Senshi Efe amp Jira Gude no Monshou,adventure fantasy,5.75,545
25639,Toilet no Kamisama,music,5.75,165
23375,Minarai Diva,music,5.73,982
23835,Moonrakers,drama scifi space,5.73,1013
354,UGUltimate Girls,comedy ecchi magic scifi,5.73,6025
30576,Pareo wa Emerald,music,5.72,128
10407,Shimanchu MiRiKa,slice of life,5.72,267
1244,Ankoku Shindenshou Takegami,action drama mecha scifi supernatural,5.71,912
4150,Cosmos Pink Shock,comedy parody scifi space,5.71,981
5051,Macross XX,action mecha,5.71,1609
32737,009 ReCyborg x Zip,comedy super power,5.68,198
25991,Bishoujo Mobage Mobamichan,fantasy,5.68,763
2058,Delpower X Bakuhatsu Miracle Genki,action comedy mecha parody school scifi,5.68,644
19337,Momoya x Peeping Life Go en Desu yo,slice of life,5.68,218
1052,Tokyo Juushouden,action adventure shounen supernatural,5.67,1001
22411,Asa ga Kuru mae ni Sasurai Version,music romance,5.64,187
22955,Francesca,comedy fantasy,5.64,6487
18133,Ikeike Momonchan,comedy,5.64,443
5631,Kaumori,drama samurai,5.64,663
30826,Suzakinishi the Animation,comedy slice of life,5.64,3190
33170,Kokoro ga Sakebitagatterunda x Sony HiRes quotWalkmanquot and Headphone,drama,5.63,1038
17697,Neon The Animation,comedy historical mecha police slice of life,5.63,413
8701,Apartment,comedy slice of life,5.61,819
31165,Meiji x Kokosake amp anohana Receipt Oubo Campaign,drama,5.6,2732
2538,With You Mitsumeteitai,drama fantasy mystery romance school,5.61,669
2719,MapleStory,action comedy fantasy kids romance,5.59,3327
7511,Worku,fantasy psychological,5.59,216
32886,Anitore EX Jigoku no Training,sports,5.58,961
25973,I Love Picnic,comedy kids,5.58,110
32854,Frday Night,comedy music,5.57,167
27949,Mattsu to Yanma to Moburisan Nanatsu no Hihou to Soratobu Oshiro,fantasy magic,5.56,223
6491,Scandal,music slice of life,5.56,1062
33803,Sengoku Choujuu Giga,demons historical supernatural,5.56,3248
9850,Koguma no Korochan,kids,5.55,248
5246,Adesugata Mahou no Sannin Musume,comedy magic shoujo,5.53,542
1627,Choushin Hime Dangaizer 3,adventure ecchi mecha scifi,5.53,919
11389,Happy Kappy Recap,comedy fantasy shoujo,5.52,191
32346,makemagic,fantasy music,5.52,178
3605,Princess Army WeddingCombat,action martial arts romance shoujo,5.48,603
4252,Explorer Woman Ray,action adventure,5.47,594
3596,Lightning Trap Leina amp Laika,action scifi,5.45,406
29956,Swimming,dementia,5.45,125
27927,Urawa no Usagichan,comedy school slice of life,5.45,8554
29673,Shin Tenchi Souzou,comedy,5.44,129
18723,Soul Reviver,action seinen supernatural,5.44,326
21607,Picotopia,fantasy music,5.42,547
1596,Arcade Gamer Fubuki,action comedy ecchi parody shounen sports super power,5.41,3201
7530,Hana to Chou,fantasy,5.4,203
14743,Nara Shika Monogatari,comedy,5.4,228
5304,Akibachan,comedy kids slice of life,5.39,1383
21875,Chou Akuukan Bouheki Cheese Napolitan,music,5.39,554
3463,ALICE,scifi,5.38,1034
5025,Dengeki Oshioki Musume Gootaman Gootaman Tanjouhen,action comedy ecchi parody,5.37,2106
7243,Suisei,comedy dementia,5.37,623
14479,Mahoutsukai Nara Miso wo Kue,fantasy magic school,5.36,4179
2022,Fight,action fantasy supernatural,5.31,581
10743,Torachan no Kankan Mushi,drama,5.29,335
11679,Chainsaw Maid,comedy horror supernatural thriller,5.27,2373
32291,Kakegae no,drama,5.27,103
24861,Akaoni to Aooni no Tango,music,5.26,164
28687,Poker,music,5.26,311
23401,Tobacco wa Dasai,school slice of life,5.26,222
25549,Psychedelic Afternoon,music,5.25,462
28765,The Baby Birds of Norman McLaren,music,5.24,208
21833,Higenashi Gogejabaru,comedy fantasy kids music,5.23,149
6181,Highway Jenny,fantasy,5.23,677
28051,Kaeru San Yuushi,adventure comedy,5.22,140
994,Sin in the Rain,mystery,5.22,1674
4761,Tokyo Loop,comedy dementia,5.19,787
9221,Kanzen Shouri Daiteiou,action adventure kids mecha scifi,5.15,333
10859,SoretteDakara ne,slice of life,5.15,1223
6846,Kuma ni Kuwarenu Otoko,adventure music,5.14,322
10763,Robot Taekwon V,action mecha,5.11,191
112,Chou Henshin Cosprayers,action adventure comedy ecchi fantasy magic scifi super power,5.11,5555
7809,3tsu no Kumo,dementia,5.1,918
32765,Cherry Blossom Music,music,5.08,113
5622,The Chocolate Panic Picture Show,dementia psychological,5.08,1024
25291,Yomiuri Shimbun,historical,5.08,314
6842,Oyoge ya Oyoge,sports,5.07,349
14125,Otogi no Kuni no Birthday,kids music,5.04,144
22417,Quantum Leap,action music,5.02,184
5715,Arcade Gamer Fubuki Extra,action adventure comedy ecchi game parody school,4.96,1039
4393,Kokka Kimigayo,historical music,4.96,755
30659,Nouryou Anime Denkyuu Ika Matsuri,dementia horror psychological,4.96,234
19231,Jam,fantasy music,4.91,343
7192,Choujikuu Romanesque Samy Missing 99,action scifi,4.9,508
1102,Urda,action historical military scifi,4.87,2248
33690,Nazotokine,game,4.86,7284
22171,Tanaami Keiichi no Shouzou,dementia,4.86,170
23063,Usagi ga Kowai,dementia game horror,4.85,610
30480,Bara Bara Film,dementia,4.81,110
13359,PistStar,magic,4.74,266
7071,Shoujouji no Tanukibayashi,kids,4.74,475
16692,Jigoku Youchien,demons kids school,4.73,1062
9318,Samero,dementia,4.73,403
6000,Haruwo,action,4.72,493
8486,Kihei Senki Legacies,fantasy mecha,4.7,676
30339,Play Jazz,dementia,4.69,119
788,Eiken Eikenbu yori Ai wo Komete,comedy ecchi harem school,4.65,15764
28645,Haru no Shikumi,dementia,4.63,363
32906,Bishoujo Yuugi Unit Crane Game Girls,comedy game space,4.54,4673
23059,Shinsatsushitsu,dementia horror,4.54,527
33220,Natsu no Gero wa Fuyu no Sakana,dementia music,4.45,147
29615,Oh Yoko,dementia music romance,4.44,337
10586,Cafe de Oni,music,4.4,381
13311,Henshin Gattai 5 tsu no Atsuki Tamashii,music super power,4.19,269
29619,Goodby Marilyn,dementia music,4.08,279
29978,001,comedy,4.0,916
33394,Mahou Shoujo NariaGirls,magic,3.91,3414
22173,Yume 10 Yoru,dementia,3.88,317
16606,CLAY,horror,3.84,1104
6950,Aos,dementia fantasy,3.83,1080
29984,Crayon Angel,dementia,3.8,322
28929,Vampire Holmes,comedy mystery supernatural vampire,3.63,10403
11897,Nendo no Tatakai,comedy fantasy,3.36,1174
413,Hametsu no Mars,horror scifi,2.37,27557
6073,21 Emon Uchuu e Irasshai,comedy scifi space,5.05,216
30214,A Smart Experiment,dementia,4.03,109
26137,Afghanistan Paghmanmura no Monogatari Boku no Mura ni Circus ga Kita,historical kids,6.67,130
26135,Afghanistan Paghmanmura no Monogatari Sekaiichi Utsukushii Boku no Mura,historical kids,6.67,149
32150,Ai to Shi,action,5.0,69
24999,Akai Jitensha,music,4.54,91
24859,Anime Koten Bungaku Kan,historical kids,5.43,72
34249,Aqua Kids,adventure kids,6.5,24
6630,Asarichan Ai no Marchen Shoujo,adventure shoujo slice of life,6.48,170
32255,Ashita Kirarin,drama kids,6.45,59
9796,Atashin039chi 3D Movie Jounetsu no Chou Chounouryoku Haha Dai Bousou,comedy,6.0,196
22247,Azumi MammaMia,comedy kids,5.6,101
26013,Backkom Mission Impossible,comedy kids parody,6.11,97
26017,Backkom Specials,comedy kids super power,6.23,93
22565,Bad BadtzMaru no Ari to Kirigirisu,fantasy kids,5.5,99
33708,Baku Tech Bakugan Gachi Tokubetsuhen,action game shounen,5.93,111
17687,Bemubemu Hunter Kotengu Tenmaru,adventure fantasy,6.67,107
33550,Bic Contact X Mameshiba Collab CM,comedy,4.81,112
9955,Big Mouth Do Do,kids slice of life,6.54,115
24791,Boku wa Ousama,kids,6.43,58
30892,Boo Boo Boy,cars kids,4.73,128
12371,Bosco no Mori no Nakamatachi,adventure fantasy,5.55,113
3637,Bouken Yuuki Pluster World,scifi shounen,6.32,295
10435,Boyfriend,romance shoujo sports,5.68,243
23611,Bunna yo Ki kara Orite Koi,adventure kids,6.25,53
29743,Buonomo,slice of life,6.0,48
9447,Byulbyul Iyagi 2,drama psychological,5.86,122
26303,Cello Hiki no Gauche OVA,drama fantasy music,5.88,163
17893,Cheonbangjichuk Hani,comedy drama school sports,6.78,149
11731,ChiSui Maru Specials,comedy,5.33,94
32419,Chibinacs 3,comedy,4.43,36
31236,Chieri to Cherry,adventure fantasy shoujo,6.0,180
14623,Chikyuu SOS Sore Ike Kororin,action comedy kids scifi,5.78,87
10040,Chinpui Erisama Katsudou Daishashin,comedy,6.0,107
6687,Chinyuuki Tarou to Yukai na Nakamatachi,comedy,6.0,186
17689,Chironup no Kitsune,drama,7.48,196
33262,Chobitto Zukan,fantasy kids,4.5,63
24927,Chuuchuu Banban,adventure kids,6.5,61
13509,Cofun Gal no Coffy Juuninin to Ikareru Kofuntachi,comedy,4.29,66
32628,Columbus no Daibouken,historical,6.5,35
25977,Contact 2,comedy kids scifi,5.58,101
29749,Convenience Store Senki Purintai,comedy,4.48,59
33686,Cyborg 009 Call of Justice 2,action adventure mecha scifi shounen,5.67,377
10887,Dame Oyaji,comedy,6.07,109
31436,Danchi Tomoo Natsuyasumi no Shukudai wa Owatta no ka yo Tomoo,comedy seinen,4.6,56
17131,Dennou Sentai Voogie039sAngel Forever and Ever,action comedy drama mecha scifi,5.1,156
7750,DigiGirl Pop Strawberry amp Pop Mix Flavor,comedy scifi,6.0,143
18327,Dokgotak Dasi Chajeun Maundeu,shounen sports,5.0,70
18313,Dokkaebi Gamtu,action adventure demons fantasy shounen,3.58,79
21485,Dokkan Robotendon,adventure kids slice of life,6.29,63
8879,Dolphin Ouji,action adventure kids scifi,5.58,127
11625,Donbe Monogatari,kids,5.67,107
6771,Dorimogu Daa,adventure fantasy kids,6.98,179
7498,Doubutsu Olympic Taikai,comedy,4.51,149
30420,Dr Slump Aralechan no Koutsuu Anzen,comedy scifi shounen,5.94,159
30450,Dr Slump Hoyoyo Arale no Himitsu Dai Koukai dayo,comedy scifi shounen,6.17,248
29687,Duel Masters VSR,action adventure comedy shounen,5.19,486
32926,Duel Masters Hamukatsu to Dogiragon no Currypan Daibouken,action adventure comedy shounen,4.25,108
3243,Elecking The Animation,comedy,6.55,96
10000,Esper Mami Special My Angel Mamichan,comedy super power supernatural,6.52,148
16818,Eunhahamdae Jiguho,action adventure kids scifi space,3.6,83
26209,Examurai Sengoku Recap,action samurai,5.0,108
33792,Feng Shu Zhan Jing 2,adventure kids mecha,8.0,24
30010,Frame Arms A Violent Struggle,mecha,4.22,234
26347,From Osaka with Cheer,slice of life,4.33,109
19899,Fujiko F Fujio Sukoshi Fushigi Tanpen Theater,adventure scifi shounen space,6.25,91
29653,Futari Zamurai Homare no Kawakiri,drama historical samurai,4.82,97
23609,Gaki Deka OVA,comedy ecchi kids parody shounen,4.78,62
20755,Ganbare Lulu Lolo,kids slice of life,6.13,134
9886,Ganbare Moudouken Serve,slice of life,5.8,92
32581,Gaza Changing the World,drama supernatural,5.14,94
8158,Gegege no Kitarou Jigokuhen,adventure comedy fantasy horror supernatural,6.23,205
4470,Gene Diver,action adventure shounen,6.3,182
29665,Genei Toshi,dementia,4.13,98
2691,Gensei Shugoshin Phyoro Ikka,adventure fantasy,6.0,150
26283,Gin no Rousokutate,drama kids,4.36,104
30483,Ginga Tetsudou 999 Akai Hoshi Betelgeuze  Inochi no Kagayaki,adventure drama scifi space,6.53,206
26267,Goisensei to Tarou,drama kids school,6.0,59
7177,Gokyoudai Monogatari,comedy,6.5,181
29924,Gomanhiki,kids,7.0,56
30410,Gon 2nd Season,action adventure kids,5.92,141
9535,Gongitsune,adventure,7.22,312
7781,Gothicmade Hana no Utame,mecha romance scifi,5.93,2306
11995,Guilstein,action horror scifi,5.33,286
28347,Guitar Shoujo,slice of life,4.54,134
33349,Hajimete no Eigo Sekai Meisaku Douwa,fantasy kids,5.33,33
19495,Hakusai Anime,comedy romance school slice of life,6.56,260
20873,Hana no Zundamaru,comedy martial arts parody,5.1,145
32783,Happy Hour,music,4.24,69
23015,Hazedon,adventure comedy kids,5.8,61
22457,Hello Kitty no Fushigi na Mizuumi,fantasy kids,6.35,90
18823,Hello Kitty no Kieta Santasan no Okurimono,kids,5.59,110
18589,Hello Kitty no Minna no Mori wo Mamore,kids,6.61,111
17955,Hello Kitty no Nemureru Mori no Bijo,fantasy kids,6.64,159
30263,Hello Kitty no Shirayukihime OVA,fantasy kids,6.27,99
22445,Hello Kitty no Yappari Mama ga Suki,fantasy kids,6.64,96
30064,Hello Kitty to Miyou Aesop Monogatari,fantasy kids,5.25,65
31585,Henkei Sakuhin Dai 2ban,dementia,2.69,92
30512,Hero Company,comedy seinen,5.21,519
23659,Hi no Tori Hagoromohen,drama,6.42,139
26111,Hibike Wadaiko,drama kids,6.78,307
24089,High School Jingi,action comedy seinen,5.0,84
31235,Hikawa Maru Monogatari,drama historical,7.3,259
22985,Hipirakun Special,comedy fantasy kids supernatural vampire,4.78,178
23125,Histoire d039Etty,kids slice of life,6.5,68
16828,Hokseong Robot Sseondeo A,action mecha shounen,3.5,83
28263,Honto ni Atta Gakkou Kaidan,kids mystery school supernatural,6.14,82
18747,Hotaru Kagayaku,drama kids,5.9,70
16776,Hurdle,drama,5.14,109
16808,Hwanggeum Cheolin,action adventure demons kids super power,4.81,89
28485,Ichiban Chikaku ni,drama slice of life,6.0,45
31135,Idea ga Tsukamaranai,dementia,4.0,57
29651,Ikedaya Soudou,drama historical samurai,3.85,81
24577,Imokawa Mukuzo Chuugaeri no Maki,comedy,6.17,79
26299,Inamuranohi,drama historical kids,8.0,47
26297,Inori no Te,drama historical kids,7.0,46
10847,Inumarudashi,comedy,5.47,332
6384,Ippon Bouchou Mantarou,action seinen,6.2,114
18323,Jangdokdae,drama historical,4.36,60
3947,Jarinko Chie TV,comedy drama slice of life,7.11,323
6701,Jim Button,adventure fantasy kids magic,6.1,169
30761,Jin Ken Mamorukun to Ayumichan Sekai wo Shiawase ni,fantasy kids,4.92,44
32777,Jitenshahen,music,3.53,67
30157,Joki Joki Tailor,kids music,4.06,72
6072,Juuippiki no Neko to Ahoudori,adventure fantasy kids,5.7,286
31016,Juuroku Jizou Monogatari Sensou no Gisei ni Natta Kodomotachi,drama historical kids,6.33,39
33870,Kabi Usagi Game Center,comedy,4.17,39
32473,Kabocha no Ojisan,kids music,4.75,38
7856,Kage no Kodomo,dementia,6.76,174
19087,Kaiketsu Tamagon,adventure comedy kids,5.65,101
23613,Kakkun Cafe,comedy parody slice of life,5.86,54
13769,Kamen no Ninja Akakage,action fantasy,6.89,202
20123,Kappamaki,comedy slice of life,5.43,75
9371,Karl to Fushigi na Tou,kids,5.14,176
26229,Kaze no Tabibito,drama kids,6.33,47
19515,Kentoushi,seinen sports,6.25,88
22641,Kero Kero Keroppi no Bikkuri Obakeyashiki,kids supernatural,5.54,76
22625,Kero Kero Keroppi no Dai Bouken,adventure fantasy kids,6.0,75
22653,Kero Kero Keroppi no Mitsubachi Daisoudou,fantasy kids,6.17,60
29679,Ki Renka,demons drama,4.13,99
28965,Kibun wa Uaa Jitsuzai OL Kouza,comedy seinen,5.83,51
17485,Kiki to Lala no Ohimesama ni Naritai,kids,5.65,98
8883,Kikou Heidan JPhoenix PF Lips Shoutai,comedy mecha,5.61,188
5192,Kikuchan to Ookami,adventure historical,6.35,142
22597,Kimezou no Kimarimonku Ja Kimaranee Featuring SabuOtoko,comedy,5.0,57
3279,Kinnikuman Seigi Choujin vs Senshi Choujin,action comedy shounen sports,6.22,282
32693,Kitakaze to Taiyou,kids,4.56,48
26233,Kitsune no Kan Chigai,drama kids,5.67,44
33915,Kittychan wo Sagase Toyamashi Stamp Rally,comedy,4.25,64
25061,Kizu darake no Tenshitachi,comedy ecchi parody seinen,5.38,103
29738,Konchuu Monogatari Tentoumu Chu to Mitsubachi Hatsu Chu,music,5.47,75
17563,Koutetsu no Vendetta Episode 0,action mecha military scifi,6.09,257
30395,KuripuriKuripura,comedy,3.2,104
19135,Kuroi Ame ni Utarete,drama historical,6.25,156
26043,Kurumiwari Ningyou 2014,drama fantasy romance,7.0,136
17753,Kuruneko Nyaalock Holmes no Bouken,comedy slice of life,6.7,183
28579,Kyorochan no Jishin Youjin Hi no Youjin,drama fantasy kids,6.88,69
30099,Lao Fu Zi Zhi Xiao Shui Hu Chuan Qi,comedy seinen,6.15,60
30349,Legend of the Moles The Treasure of Scylla,adventure fantasy kids,7.2,44
6065,Lemon Angel YJban,romance school,5.71,217
6577,Machine Robo Leina The Legend of Wolf Blade,action martial arts mecha super power,6.25,248
33907,Magical Music Train,music,3.53,61
25073,Makiba no Shoujo Katori Specials,adventure drama historical slice of life,6.5,85
32224,Makochan no Koutsuu Anzen,drama kids,3.77,39
29782,Malay Oki Kaisen,historical military,4.21,85
12185,Mameushikun,comedy fantasy kids,6.56,72
10709,Manga Nihon Keizai Nyuumon,drama,6.67,86
10285,Manga Nippon Mukashibanashi Movie,historical,6.05,110
29719,Maze Maze Wien,dementia,5.9,59
9820,McDull the Alumni,comedy,6.38,83
24259,Mechano Scientific Attack Force,comedy dementia fantasy horror music parody,2.55,120
25265,Megumi to Taiyou Kajuu Gummi Tweet Love Story,romance slice of life,5.36,232
4121,Meimon Daisan Yakyuubu,action shounen sports,6.44,214
19597,Milk House Dreaming Ai no Shiki,music shoujo,4.81,122
26319,Mimizuku to Tsukisama,drama kids,5.8,43
26253,Mina no Mura no Gomi Soudou,drama kids,5.5,40
32475,Minami no Kuni kara Kita Tegami,kids music,5.8,43
30759,Minna de Tonda,drama kids,7.67,38
26325,Minna Ichiban,drama kids,6.0,41
16021,Miracle Psychicer Seizan,action adventure fantasy,7.12,97
29365,Mirai e no Niji Boku no Ojisan wa Hansenbyou,drama kids,8.5,45
16159,Mirai Kara Kita Shounen Super Jetter,action comedy scifi super power,5.43,108
4096,Mizu no Tane,historical,5.07,144
10149,Mo fa a ma,adventure fantasy,6.18,124
22671,Momoya x Peeping Life Go en Desu yo II,comedy slice of life,5.15,169
33116,Mori no Ongakutai,fantasy kids,4.69,47
17603,Mr Pen Pen,comedy kids shoujo,6.13,74
31878,Mukashi Toilet ga Kowakatta,kids music,4.92,45
29895,Muku no Ki no Hanashi,kids,4.04,84
14253,My Melody no Akazukin,fantasy kids,5.6,146
25083,Nanatsu no Umi no Tico Specials,adventure slice of life,6.78,137
19745,Naniwa Yuukyouden Chou Gokudou Yoru no Bat wa Manruihen,action comedy,7.29,72
19749,Naniwa Yuukyouden Kyouretsu Ana ga Attara Iretaihen,action comedy,7.14,60
19729,Naniwa Yuukyouden Nekketsu Bakushou Mankaihen,action comedy,7.0,88
27943,Nano Invaders,action adventure shounen super power,7.08,519
30209,Naze,kids music,4.27,42
27843,Nemurenu Yoru no Chiisana Ohanashi,kids,6.25,53
30409,Nepos Napos,fantasy kids,7.67,38
8891,Nihonichi no Otoko no Tamashii 2,comedy romance,6.57,187
12165,Niji no Kanata e Shoujo Diana Monogatari,historical shoujo,6.3,136
8953,Nine,action school shounen sports,6.71,228
29235,Ninja Hattorikun Plus Perman Chounouryoku Wars,adventure martial arts super power,6.04,89
28583,Nintama Rantarou no Shouboutai,drama kids,7.0,74
22999,Nippon Tanjou,historical,5.4,62
8777,Nobara no Julie,adventure drama historical music,5.96,190
28545,Nobunagakun no Minna de Yakusoku Hi no Youjin,drama kids,5.67,51
26265,Nogiku no Haka,drama kids romance,6.8,58
17601,Nontan to Issho,kids,6.84,95
8205,Norabbits039 Minutes,comedy fantasy kids,6.13,102
30305,Norakuro Compilation OVA,comedy,5.5,56
30018,Norakuro Nitouhei,kids,4.65,102
7836,Notari Matsutarou,sports,5.59,270
22991,Obake no QTarou Susume 1100 Daisakusen,comedy kids school slice of life supernatural,6.6,61
16480,Ojarumaru Yakusoku no Natsu Ojaru to Semira Movie,adventure comedy fantasy,5.0,94
31971,Ojiichan ga Nokoshite Kureta Mono Moetemo Moenai Moenikui,slice of life,5.5,46
30943,Ojiichan wa Boku no Hero,drama kids,8.4,101
26145,Okaachan Gomen ne,historical kids,9.0,47
26155,Okaasan no Ki,historical kids,5.0,42
19069,Okane wa Mawaru Kurashi to Kinyuu,slice of life,5.31,92
33343,Omusubi Kororin,fantasy kids,3.33,41
23645,Ookami to Nanahiki no Ko Yagi,fantasy kids,6.8,60
29053,Orangutan,kids music,4.16,98
14213,Otogi Manga Calendar,historical,6.11,146
30905,Owanko,comedy,5.17,65
33122,Ptisserie no Monster,slice of life,4.61,100
33913,Peeban,comedy,4.75,30
29729,Peeping Life x IODATA Quiz Input Output,comedy,3.72,117
33789,Peeping Life x Sanyo,comedy slice of life,4.73,101
16458,Perrine Monogatari Movie,drama historical shoujo slice of life,6.69,126
16460,Perrine Monogatari Specials,drama historical kids shoujo slice of life,6.53,111
20005,Pinch to Punch,comedy,5.71,66
17423,Pink Lady Monogatari Eikou no Tenshitachi,drama music slice of life,6.33,111
31642,Pittanko Taiyousensei to Pittanko,comedy kids school,6.25,34
22569,Pom Pom Purin no Usagi to Kame,fantasy kids,4.31,78
23089,Ponsuke no Haru,comedy kids,6.33,62
2093,Pops,romance shoujo slice of life,5.9,171
29925,Poron Guitar,kids,4.37,78
18341,Pro Yakyuu wo 10bai Tanoshiku Miru Houhou Part 2,comedy sports,4.75,58
32385,Project HAL,action mecha,5.96,201
9426,Pururun Shizukuchan,comedy kids,5.9,148
29910,Qin Shiming Yue 3D Dianying Longteng Wanli,action fantasy historical martial arts,6.91,254
33278,Qin Shiming Yue Tebie Pian Di Zi Jiang Xi,action fantasy historical martial arts,5.81,107
33761,Qui Shui Yi Yun,horror mystery supernatural,7.25,83
14249,Ribbon no Kishi 1999,adventure,5.86,178
31302,Robo to Shoujo Kari Oshirase Gekijou Kari,comedy scifi,3.81,127
33535,Runningman,slice of life,4.7,48
30204,Ryoukansan,historical,5.4,55
23593,Saitama Bousou Saizensen Flag Shinimonogurui no Seishun,drama slice of life,6.0,62
33856,Saitamaken Zaijuu Fujiyama Osamu 33sai Mushoku NEET Fujilog Nyuumonhen,comedy,6.0,31
15393,Sakura no Ondo,drama,6.38,1498
10077,Sango no Umi to Ouji,fantasy,6.16,132
23867,Saru Kani Gassen Ijimekkozaru to Shoujiki Kanisan,comedy kids,5.25,49
4684,Scarecrowman,fantasy kids,7.13,160
10045,Seishun Fuufu Monogatari Koiko no Mainichi,comedy drama ecchi romance seinen,6.22,162
30028,Sekai Meisaku Douwa Series,adventure fantasy historical kids magic supernatural,6.71,103
19167,Senbon Matsubara,drama historical,6.31,89
31265,Shashinki 87,dementia,3.41,85
32796,Shenmi Shijie Lixian Ji,adventure comedy fantasy,9.0,37
25093,Shiawase no Ouji,kids,6.57,65
30983,Shibuzome Ikki Ashita ni Kakeru Niji,historical kids,5.67,35
18939,Shimajirou Hesoka,adventure comedy fantasy kids magic,6.6,87
20963,Shimajirou to Kujira no Uta,adventure comedy fantasy kids,4.75,90
25065,Shin Dousei Jidai Hawaiian Breeze,drama romance,6.5,79
15875,Shin Kyojin no Hoshi,sports,6.77,165
15579,Shinkai Densetsu Meremanoid,adventure fantasy,6.0,163
29389,Shiro Hon,adventure kids,6.5,44
9349,Shizukanaru Don Yakuza Side Story,action comedy drama seinen,5.67,130
25075,Shoukoushi Cedie Specials,drama shoujo slice of life,7.2,82
8829,Shounen Ashibe TV,comedy slice of life,6.0,188
17211,Shouwa Ahozoushi Akanuke Ichiban,comedy shoujo,7.28,246
24085,Shura ga Yuku,drama seinen,5.4,75
31829,Sinbad Mahou no Lamp to Ugoku Shima,adventure,6.17,622
29756,Sinbad Soratobu Hime to Himitsu no Shima,adventure,6.41,881
28019,Slippy Dandy,action kids mystery,5.75,50
19999,Sobakasu Pucchi,adventure comedy kids,7.18,72
10774,Soccer Fever,historical sports,6.47,166
27501,Sore Ike Anpanman Anpanman to Tanoshii Nakamatachi,adventure fantasy kids,6.5,73
9007,Sore Ike Anpanman Black Nose to Mahou no Uta,comedy fantasy kids,5.74,132
27569,Sore Ike Anpanman Hashire Wakuwaku Anpanman Grand Prix,comedy fantasy kids,5.55,66
27491,Sore Ike Anpanman Kaiketsu Naganegiman to Doremi Hime,comedy fantasy kids,5.47,106
27571,Sore Ike Anpanman Keito no Shiro no Christmas,comedy fantasy kids,5.44,67
16163,Sore Ike Anpanman Kirakira Boshi no Namida,adventure comedy kids super power,6.07,121
10056,Sore Ike Anpanman Kyouryuu Nosshii no Daibouken,comedy fantasy kids,5.61,113
22035,Sore Ike Anpanman LyricalMagical Mahou no Gakkou,comedy fantasy kids,4.94,89
9446,Sore Ike Anpanman Niji no Pyramid,comedy kids,5.58,126
27683,Sore Ike Anpanman Rhythm de Teasobi  Anpanman to Fushigi na Parasol,comedy fantasy kids,4.83,74
10057,Sore Ike Anpanman Tobe Tobe Chibigon,comedy fantasy kids,5.54,113
10685,Sore Ike Anpanman Utatte Teasobi Anpanman to Mori no Takara,comedy fantasy kids,5.39,107
21297,Sore Ike Anpanman Yakisobapanman to Black Sabotenman,comedy fantasy kids,5.2,73
21967,Sore Ike Anpanman Yousei Rinrin no Himitsu,comedy fantasy kids,5.88,74
11497,Sore Ike Zukkoke Sanningumi,comedy kids school,7.0,86
30024,SOS Kochira Chikyuu,drama kids,6.25,41
30210,Souiu Megane,dementia,3.5,65
3451,Space Oz no Bouken,adventure scifi,6.25,151
27575,Spy Gekimetsu,historical military,6.63,68
9500,Starlight Scramble Renai Kouhosei,action romance scifi,5.94,141
3885,Sugar Bunnies,kids,6.61,315
11713,Suisenzuki no Yokka,fantasy kids,6.75,86
24969,Sumiko TV,comedy kids slice of life,4.07,108
6583,Super Bikkuriman,adventure comedy demons fantasy scifi,6.55,158
17991,Super Real Mahjong Kasumi Miki Shouko no Hajimemashite,comedy ecchi game,5.76,161
30159,Super Taromu,mecha shounen,3.83,64
22845,Suzu 3 Tarou,comedy kids,6.25,44
18629,Taiheiyou ni Kakeru Niji,drama kids slice of life,5.44,79
17487,Tantei Shounen Kageman,comedy mystery,6.5,76
19989,Tatakae Osper,action scifi shounen,5.6,77
5922,Tenjouhen Utsunomiko,adventure demons fantasy,6.9,271
26239,Tenki ni Naare,drama historical kids space,7.75,47
2930,Tensai Dr Hamax,comedy,4.33,88
19445,Tetsujin 28gou Gao,mecha slice of life,7.33,137
29151,Tezuka Osamu Monogatari,historical,4.86,69
30582,That039s Hanakappa Musical Pan to Gohan Docchi nano,comedy kids music,5.2,51
23915,The Adventures of Hello Kitty amp Friends,fantasy kids,5.08,117
5943,The Aurora Umi no Aurora,adventure scifi,5.6,140
30537,Tiger amp Bunny Too Many Cooks Spoil the Broth,action comedy mystery super power,6.06,1111
19991,Tobidase Bacchiri,comedy kids mystery,7.63,72
8539,Toilet no Hanakosan,horror,5.87,224
9825,Tonari no Tokoro,comedy,6.78,126
12341,Trip Trek,adventure comedy fantasy,3.64,115
29479,Tsunagaru Animal,kids,5.4,39
9175,Tsuruhime Ja,comedy kids shoujo slice of life,5.54,89
23537,Two Down Full Base,kids sports,6.38,57
29283,Uchuu Kaizoku Mito no Daibouken Pilot,comedy scifi,5.42,106
12895,Uchuu Shounen Soran Movie,action adventure scifi,5.67,84
20225,Umigame to Shounen,drama historical,6.55,90
6658,Unkosan Tsuiteru Hito ni Shika Mienai Yousei,comedy magic,3.25,300
30973,Urashima Tarou 1952,historical,4.58,106
12833,Ushiro no Hyakutarou,horror school supernatural,5.85,89
22561,Virtual Star 2000,action,5.43,75
33124,WakuwakuNukegake Daisakusen,cars music,4.2,59
21161,Wansakun OVA,comedy kids,6.57,62
30083,Warenai Tamago,comedy kids music,4.44,74
22219,Warera Salaryman Tou,comedy slice of life,8.67,57
22503,Washimo,comedy kids school scifi slice of life,5.92,209
30207,Watashi wa Tofu Desu,kids music,4.46,55
22711,Wazaguu vs Dangerous Jiisan Ja Houfukuzettou Anime Quiz,comedy kids,6.17,56
22757,X Maiden,comedy school slice of life,4.58,372
9822,Xiang Qi Master,game,6.33,252
33744,Yahabe,game shounen supernatural,5.0,34
26313,Yakusoku Africa Mizu to Midori,drama kids,9.25,53
17471,Yanase Takashi Mrchen Gekijou,kids,7.0,68
12791,Yankee Reppuutai,adventure drama shounen,5.88,110
10113,Yokohama Meibutsu Otoko Katayamagumi,action school shounen,6.53,150
33763,Yong Zhe Da Mao Xian 2nd Season,adventure fantasy,7.0,47
23351,Youkaiden Nekome Kozou,adventure horror psychological seinen supernatural,8.0,153
12771,Youyou no Neko Tsumami,comedy slice of life,6.09,102
31872,Yukidaruma Kazoku,kids music,5.25,40
26097,Yume no Tsuzuki,drama kids,8.67,53
30998,Yuujou no Kickoff,drama kids sports,6.0,35
31838,Ze Tian Ji,action adventure fantasy,6.8,180
33048,Zegapain ADP,action mecha romance scifi,6.35,1859
33571,Zenryoku Yobikou 55 Seminar,comedy parody school,5.0,46
9522,Zero Tester Chikyuu wo Mamore,action adventure mecha scifi,5.23,137
22709,Zettai Zetsumei Dangerous Jiisan 2005,comedy kids,7.0,66
19717,Zoku Naniwa Yuukyouden,action comedy,5.1,78
11097,Zou no Inai Doubutsuen,drama,6.07,85
18967,Zukkoke Sanningumi Zukkoke Jikuu Bouken,comedy historical scifi,6.13,76
11879,Oni Chichi Reborn,hentai,7.89,14342
10380,Oni Chichi Rebirth,hentai,7.65,14925
25345,Rance 01 Hikari wo Motomete The Animation,fantasy hentai magic,7.61,6158
8634,Koisuru Boukun,comedy romance yaoi,7.59,31195
12375,Makichan to Nau,hentai,7.57,9650
3102,Kateikyoushi no Oneesan The Animation H no Hensachi Agechaimasu,hentai,7.29,7218
2135,Sora no Iro Mizu no Iro,hentai,7.22,9633
7053,Fault,hentai,7.21,11055
17867,Nuki Doki Tenshi to Akuma no Sakusei Battle,hentai,7.12,4007
3771,Nee Chanto Shiyou Yo,hentai,7.09,6171
8039,Oppai no Ouja 48,hentai,7.07,3815
12997,Please  Me,hentai,6.98,8152
5784,Ai no Kusabi 2012,drama romance scifi yaoi,6.97,17943
21069,Amanee Tomodachinchi de Konna Koto ni Naru Nante,hentai,6.94,3054
24377,Spocon,hentai,6.93,2846
25923,Oppai Gakuen Marching Bandbu,hentai,6.92,2364
6892,Yokorenbo Immoral Mother,hentai,6.9,3890
4010,Alignment You You The Animation,demons hentai school supernatural,6.89,6951
368,Bible Black,hentai,6.88,31309
16059,Aku no Onna Kanbu Full Moon Night,hentai supernatural,6.85,3613
2841,Kuro Ai Hitoyozumakan Inkou Rannyuuroku,hentai,6.84,6495
23247,Oshaburi Announcer,hentai,6.84,1808
21597,Yabai Fukushuu Yami Site,hentai,6.83,3010
12957,First Love,hentai,6.82,3466
24021,Sei Shoujo The Animation,hentai,6.81,2159
28859,Shabura Rental Ecchi na Oneesan to no Eroero Rental Obenkyou The Animation,hentai,6.81,2068
29085,Sei Yariman Sisters Pakopako Nikki The Animation,hentai,6.8,2324
830,Sexfriend,hentai,6.79,9174
6122,Jinkou Shoujo Henshin Sex Android,hentai,6.76,3287
12057,My Imouto Koakuma na ACup,hentai,6.74,5400
1780,Choukou Tenshi Escalayer,demons hentai scifi super power,6.72,6574
24271,Paizuri Cheerleader vs Sakunyuu Ouendan,hentai,6.72,2089
2988,Mahou Shoujo Ai,action hentai horror supernatural,6.7,4755
3058,Darling,hentai,6.69,3600
4127,Shion,action fantasy hentai supernatural,6.69,2273
4607,Tsuma to Mama to Boin,hentai,6.69,3437
31397,Mesu Kyoushi 4 Kegasareta Kyoudan,hentai,6.68,2444
2960,Kininaru Roommate,hentai,6.66,3237
3999,Dorei Maid Princess,fantasy hentai,6.65,2948
8651,Newmanoid Cam Cam Castin,hentai,6.64,2307
1263,Suika,drama fantasy hentai romance,6.64,3483
10420,Gakuen 3,hentai,6.63,2188
3171,Ryoujoku Hitozuma Onsen,hentai,6.63,2099
13223,Bible Black New Testament Recap,hentai,6.6,2777
3917,Hitozuma Cosplay Kissa 2 Hitozuma LoveLove  Cosplay OVA,hentai,6.56,1615
3050,Panchira Teacher,hentai school,6.54,4881
3995,Tokubetsu Byoutou,hentai,6.54,2572
9545,Elf Hime Nina,fantasy hentai supernatural,6.53,2684
24317,Love Colon,hentai,6.51,1970
2590,Genmukan,hentai,6.5,3813
3747,Inyouchuu The Animation,hentai school supernatural,6.5,3363
2533,Dvine Luv,hentai,6.49,2241
6220,Musuko no Tomodachi ni Okasarete,hentai,6.48,1883
5993,Samayou Midara na Lunatics,hentai,6.48,1916
20757,Taimanin Yukikaze,demons hentai supernatural,6.47,3280
2138,Kage OVA,action hentai historical martial arts,6.47,3176
31885,Majuu Jouka Shoujo Utea,hentai,6.45,1542
18959,Waisetsu Missile The Animation,hentai,6.44,2179
2431,Nikuyoku Gangu Takuhainin,hentai,6.42,1566
1339,Cool Devices,hentai,6.41,3966
214,Pia Carrot e Youkoso 2,comedy hentai romance,6.39,1408
9287,Inyouchuu Shoku Special,demons fantasy hentai horror supernatural,6.38,1492
2359,Choujin Densetsu Urotsukidouji Movie,action demons drama hentai,6.37,2545
25055,Furifure The Animation,hentai,6.37,1832
211,Pure Mail,hentai,6.37,1911
27881,Ana no Oku no Ii Tokoro,hentai,6.35,2104
2341,Choujin Densetsu Urotsukidouji,action demons drama hentai,6.34,4425
5924,Koushoku Ichidai Otoko,drama hentai historical psychological,6.34,1433
29703,Ikoku na Retro,hentai,6.31,1439
27747,Jokei Kazoku III Himitsu  The Anime,hentai,6.32,1316
1272,Injuu Gakuen La Blue Girl,demons hentai,6.31,4893
23101,Kuraibito,hentai,6.29,2187
4365,Hitou Meguri The Animation Wakaokami Rachiru,hentai,6.28,2678
4164,Kounai Shasei,comedy hentai magic,6.27,1222
2437,Elfina Yoru e to Urareta Oukoku de The Animation,fantasy hentai,6.25,2335
5281,Hissatsu Chikan Nin,hentai,6.25,1930
3452,Onna Kyoushi,hentai,6.24,1570
10429,Otoko no Ko Ojousama,hentai,6.22,1572
26059,Samurai Hormone The Animation,hentai,6.2,1433
21513,Imako System,hentai,6.19,2111
3109,Mei King,adventure comedy fantasy hentai,6.19,1106
10920,Seikon no Qwaser II Picture Drama,ecchi yuri,6.19,6874
3795,Hana to Hebi The Animation,hentai,6.17,1394
1390,Parade Parade,hentai music yuri,6.17,1539
4653,Shakkin Shimai,hentai school,6.15,2195
6694,Triangle Blue,hentai,6.15,3602
1405,Tokio Kidou Police,comedy hentai parody romance,6.14,1135
2343,Choujin Densetsu Urotsukidouji Miraihen,demons fantasy hentai horror scifi,6.13,1736
3078,Magical Twilight,comedy hentai magic romance,6.12,1027
7582,Reijoku no Yakata,hentai,6.12,1700
31424,Inyouchuu Etsu Special,demons hentai horror supernatural,6.11,506
5208,Hatsukoi,hentai,6.1,1628
9232,Yebisu Celebrities 1st,yaoi,6.08,5082
2436,Angelium,hentai,6.06,3395
736,Keiraku no Houteishiki LevelC,drama hentai yaoi,6.01,9478
1353,The Urotsuki,adventure demons fantasy hentai horror,6.01,1480
9325,Shin Seiki Cream Lemon,hentai yuri,6.0,543
2540,Tonari no Oneesan,comedy hentai,6.0,1756
2185,Words Worth Gaiden,action adventure fantasy hentai,5.97,2402
7612,Haha Sange,hentai,5.95,2317
5522,Juuninin no Onna Kyoushi,hentai,5.95,1123
32484,ASize Classmate,hentai,5.94,2209
9327,SemeChichi,hentai,5.94,1589
1404,Flutter of Birds Toritachi no Habataki,hentai,5.93,1190
2368,Ryouki no Ori Dai 2 Shou,hentai,5.91,1028
5403,Jii Tousaku,hentai,5.9,825
4799,Mune Kyun Heartful Cafe,hentai,5.9,1058
9939,Kunoichi Sakuya,hentai,5.89,1218
2209,VGNeo The Animation,action hentai martial arts,5.88,2028
2588,Sinkan,hentai,5.87,1494
5612,Terra Story,hentai,5.87,385
3711,After The Animation,hentai school,5.85,4369
5553,Love Forever,hentai,5.85,237
4350,Megami Kyouju,hentai horror military scifi supernatural,5.85,1269
5606,Ryoujoku Joshi Gakuen,hentai,5.85,450
2788,Stratosphera no Yousei,drama hentai romance scifi,5.83,1745
3649,Bishoujo Comic Lolicon Angel Mitsu no Aji,hentai,5.8,1445
2380,Tokubetsu Jugyou 2,hentai,5.8,1183
3402,Sexy Sailor Soldiers,action comedy hentai super power,5.72,1273
3383,OrchidEmblem,hentai,5.68,646
3565,UJin Brand,hentai,5.67,535
3643,Mahou no Rouge Lipstick,hentai,5.64,345
5154,Kanzen Mushusei Sorezore no Houkago,hentai school,5.61,542
2186,Maid no Yakata Zetsubouhen,hentai,5.61,1308
2874,Charm Point 1 Sister039s Rondo,hentai,5.57,868
3377,Tres Marias Sannin no Sei Shojo,hentai,5.57,1003
2894,Kinbaku no Yakata Ryakudatsu,hentai,5.56,1443
3093,Kekkai,hentai,5.5,945
5190,Mujintou Monogatari XX,hentai,5.5,499
2864,2x1,hentai,5.44,1364
1499,MaMa,hentai,5.44,563
5540,Datenshitachi no Kyouen,hentai,5.43,272
5423,Mogitate Marinachan,hentai,5.43,268
5568,Rinkan Gakuen Yamete Okaasan Minaide,hentai,5.43,1325
4818,Houkago Renai Club Koi no tude,hentai,5.39,605
2480,Dragon Knight Gaiden,action demons fantasy hentai,5.36,712
3581,Requiem,hentai,5.36,2413
3883,YuNo,hentai scifi,5.35,661
5542,Telepathist IQ Saiko,hentai,5.31,252
2551,Nessa no Wakusei,hentai scifi,5.3,1013
2592,Kimera,action horror scifi supernatural vampire yaoi,5.29,3374
5383,My Life As,comedy hentai yuri,5.24,778
5773,69 Pink Riders 2,hentai,5.17,495
3635,Advancer Tina,hentai scifi space,5.16,1487
4866,Pico x CoCo x Chico,hentai yaoi,5.16,27411
4497,Kijutsushi x Majutsushi Osaka Tanteibu no Jikenbo,hentai,5.12,460
3584,Injuu Nerawareta Idol,demons hentai,4.95,652
3540,Henbou Moral Hazard,hentai,4.88,552
4178,Dream Hazard Akuma no Program,hentai,4.77,616
2990,Mini Skirt Gakuen,hentai,4.64,657
19747,Dakaretai Onna,hentai romance,3.43,144
20177,Gin no Otoko,hentai romance,3.44,126
9503,Hokenshitsu de Aimashou,hentai,4.38,306
5559,Nijuusou Wana ni Ochita Onnatachi,hentai,5.2,240
5543,Under World,hentai,4.28,183
26081,Yasuji no Pornorama Yacchimae,hentai,5.46,142
